010006,北海道地方,北海道,,ﾎｯｶｲﾄﾞｳ,,,
011002,北海道地方,北海道,札幌市,ﾎｯｶｲﾄﾞｳ,ｻｯﾎﾟﾛｼ,,
012025,北海道地方,北海道,函館市,ﾎｯｶｲﾄﾞｳ,ﾊｺﾀﾞﾃｼ,,
012033,北海道地方,北海道,小樽市,ﾎｯｶｲﾄﾞｳ,ｵﾀﾙｼ,,
012041,北海道地方,北海道,旭川市,ﾎｯｶｲﾄﾞｳ,ｱｻﾋｶﾜｼ,,
012050,北海道地方,北海道,室蘭市,ﾎｯｶｲﾄﾞｳ,ﾑﾛﾗﾝｼ,,
012068,北海道地方,北海道,釧路市,ﾎｯｶｲﾄﾞｳ,ｸｼﾛｼ,,
012076,北海道地方,北海道,帯広市,ﾎｯｶｲﾄﾞｳ,ｵﾋﾞﾋﾛｼ,,
012084,北海道地方,北海道,北見市,ﾎｯｶｲﾄﾞｳ,ｷﾀﾐｼ,,
012092,北海道地方,北海道,夕張市,ﾎｯｶｲﾄﾞｳ,ﾕｳﾊﾞﾘｼ,,
012106,北海道地方,北海道,岩見沢市,ﾎｯｶｲﾄﾞｳ,ｲﾜﾐｻﾞﾜｼ,,
012114,北海道地方,北海道,網走市,ﾎｯｶｲﾄﾞｳ,ｱﾊﾞｼﾘｼ,,
012122,北海道地方,北海道,留萌市,ﾎｯｶｲﾄﾞｳ,ﾙﾓｲｼ,,
012131,北海道地方,北海道,苫小牧市,ﾎｯｶｲﾄﾞｳ,ﾄﾏｺﾏｲｼ,,
012149,北海道地方,北海道,稚内市,ﾎｯｶｲﾄﾞｳ,ﾜｯｶﾅｲｼ,,
012157,北海道地方,北海道,美唄市,ﾎｯｶｲﾄﾞｳ,ﾋﾞﾊﾞｲｼ,,
012165,北海道地方,北海道,芦別市,ﾎｯｶｲﾄﾞｳ,ｱｼﾍﾞﾂｼ,,
012173,北海道地方,北海道,江別市,ﾎｯｶｲﾄﾞｳ,ｴﾍﾞﾂｼ,,
012181,北海道地方,北海道,赤平市,ﾎｯｶｲﾄﾞｳ,ｱｶﾋﾞﾗｼ,,
012190,北海道地方,北海道,紋別市,ﾎｯｶｲﾄﾞｳ,ﾓﾝﾍﾞﾂｼ,,
012203,北海道地方,北海道,士別市,ﾎｯｶｲﾄﾞｳ,ｼﾍﾞﾂｼ,,
012211,北海道地方,北海道,名寄市,ﾎｯｶｲﾄﾞｳ,ﾅﾖﾛｼ,,
012220,北海道地方,北海道,三笠市,ﾎｯｶｲﾄﾞｳ,ﾐｶｻｼ,,
012238,北海道地方,北海道,根室市,ﾎｯｶｲﾄﾞｳ,ﾈﾑﾛｼ,,
012246,北海道地方,北海道,千歳市,ﾎｯｶｲﾄﾞｳ,ﾁﾄｾｼ,,
012254,北海道地方,北海道,滝川市,ﾎｯｶｲﾄﾞｳ,ﾀｷｶﾜｼ,,
012262,北海道地方,北海道,砂川市,ﾎｯｶｲﾄﾞｳ,ｽﾅｶﾞﾜｼ,,
012271,北海道地方,北海道,歌志内市,ﾎｯｶｲﾄﾞｳ,ｳﾀｼﾅｲｼ,,
012289,北海道地方,北海道,深川市,ﾎｯｶｲﾄﾞｳ,ﾌｶｶﾞﾜｼ,,
012297,北海道地方,北海道,富良野市,ﾎｯｶｲﾄﾞｳ,ﾌﾗﾉｼ,,
012301,北海道地方,北海道,登別市,ﾎｯｶｲﾄﾞｳ,ﾉﾎﾞﾘﾍﾞﾂｼ,,
012319,北海道地方,北海道,恵庭市,ﾎｯｶｲﾄﾞｳ,ｴﾆﾜｼ,,
012335,北海道地方,北海道,伊達市,ﾎｯｶｲﾄﾞｳ,ﾀﾞﾃｼ,,
012343,北海道地方,北海道,北広島市,ﾎｯｶｲﾄﾞｳ,ｷﾀﾋﾛｼﾏｼ,,
012351,北海道地方,北海道,石狩市,ﾎｯｶｲﾄﾞｳ,ｲｼｶﾘｼ,,
012360,北海道地方,北海道,北斗市,ﾎｯｶｲﾄﾞｳ,ﾎｸﾄｼ,,
013030,北海道地方,北海道,当別町,ﾎｯｶｲﾄﾞｳ,ﾄｳﾍﾞﾂﾁｮｳ,,
013048,北海道地方,北海道,新篠津村,ﾎｯｶｲﾄﾞｳ,ｼﾝｼﾉﾂﾑﾗ,,
013315,北海道地方,北海道,松前町,ﾎｯｶｲﾄﾞｳ,ﾏﾂﾏｴﾁｮｳ,,
013323,北海道地方,北海道,福島町,ﾎｯｶｲﾄﾞｳ,ﾌｸｼﾏﾁｮｳ,,
013331,北海道地方,北海道,知内町,ﾎｯｶｲﾄﾞｳ,ｼﾘｳﾁﾁｮｳ,,
013340,北海道地方,北海道,木古内町,ﾎｯｶｲﾄﾞｳ,ｷｺﾅｲﾁｮｳ,,
013374,北海道地方,北海道,七飯町,ﾎｯｶｲﾄﾞｳ,ﾅﾅｴﾁｮｳ,,
013439,北海道地方,北海道,鹿部町,ﾎｯｶｲﾄﾞｳ,ｼｶﾍﾞﾁｮｳ,,
013455,北海道地方,北海道,森町,ﾎｯｶｲﾄﾞｳ,ﾓﾘﾏﾁ,,
013463,北海道地方,北海道,八雲町,ﾎｯｶｲﾄﾞｳ,ﾔｸﾓﾁｮｳ,,
013471,北海道地方,北海道,長万部町,ﾎｯｶｲﾄﾞｳ,ｵｼｬﾏﾝﾍﾞﾁｮｳ,,
013617,北海道地方,北海道,江差町,ﾎｯｶｲﾄﾞｳ,ｴｻｼﾁｮｳ,,
013625,北海道地方,北海道,上ノ国町,ﾎｯｶｲﾄﾞｳ,ｶﾐﾉｸﾆﾁｮｳ,,
013633,北海道地方,北海道,厚沢部町,ﾎｯｶｲﾄﾞｳ,ｱｯｻﾌﾞﾁｮｳ,,
013641,北海道地方,北海道,乙部町,ﾎｯｶｲﾄﾞｳ,ｵﾄﾍﾞﾁｮｳ,,
013676,北海道地方,北海道,奥尻町,ﾎｯｶｲﾄﾞｳ,ｵｸｼﾘﾁｮｳ,,
013706,北海道地方,北海道,今金町,ﾎｯｶｲﾄﾞｳ,ｲﾏｶﾈﾁｮｳ,,
013714,北海道地方,北海道,せたな町,ﾎｯｶｲﾄﾞｳ,ｾﾀﾅﾁｮｳ,,
013919,北海道地方,北海道,島牧村,ﾎｯｶｲﾄﾞｳ,ｼﾏﾏｷﾑﾗ,,
013927,北海道地方,北海道,寿都町,ﾎｯｶｲﾄﾞｳ,ｽｯﾂﾁｮｳ,,
013935,北海道地方,北海道,黒松内町,ﾎｯｶｲﾄﾞｳ,ｸﾛﾏﾂﾅｲﾁｮｳ,,
013943,北海道地方,北海道,蘭越町,ﾎｯｶｲﾄﾞｳ,ﾗﾝｺｼﾁｮｳ,,
013951,北海道地方,北海道,ニセコ町,ﾎｯｶｲﾄﾞｳ,ﾆｾｺﾁｮｳ,,
013960,北海道地方,北海道,真狩村,ﾎｯｶｲﾄﾞｳ,ﾏｯｶﾘﾑﾗ,,
013978,北海道地方,北海道,留寿都村,ﾎｯｶｲﾄﾞｳ,ﾙｽﾂﾑﾗ,,
013986,北海道地方,北海道,喜茂別町,ﾎｯｶｲﾄﾞｳ,ｷﾓﾍﾞﾂﾁｮｳ,,
013994,北海道地方,北海道,京極町,ﾎｯｶｲﾄﾞｳ,ｷｮｳｺﾞｸﾁｮｳ,,
014001,北海道地方,北海道,倶知安町,ﾎｯｶｲﾄﾞｳ,ｸｯﾁｬﾝﾁｮｳ,,
014010,北海道地方,北海道,共和町,ﾎｯｶｲﾄﾞｳ,ｷｮｳﾜﾁｮｳ,,
014028,北海道地方,北海道,岩内町,ﾎｯｶｲﾄﾞｳ,ｲﾜﾅｲﾁｮｳ,,
014036,北海道地方,北海道,泊村（古宇郡）,ﾎｯｶｲﾄﾞｳ,ﾄﾏﾘﾑﾗ,,
014044,北海道地方,北海道,神恵内村,ﾎｯｶｲﾄﾞｳ,ｶﾓｴﾅｲﾑﾗ,,
014052,北海道地方,北海道,積丹町,ﾎｯｶｲﾄﾞｳ,ｼｬｺﾀﾝﾁｮｳ,,
014061,北海道地方,北海道,古平町,ﾎｯｶｲﾄﾞｳ,ﾌﾙﾋﾞﾗﾁｮｳ,,
014079,北海道地方,北海道,仁木町,ﾎｯｶｲﾄﾞｳ,ﾆｷﾁｮｳ,,
014087,北海道地方,北海道,余市町,ﾎｯｶｲﾄﾞｳ,ﾖｲﾁﾁｮｳ,,
014095,北海道地方,北海道,赤井川村,ﾎｯｶｲﾄﾞｳ,ｱｶｲｶﾞﾜﾑﾗ,,
014231,北海道地方,北海道,南幌町,ﾎｯｶｲﾄﾞｳ,ﾅﾝﾎﾟﾛﾁｮｳ,,
014249,北海道地方,北海道,奈井江町,ﾎｯｶｲﾄﾞｳ,ﾅｲｴﾁｮｳ,,
014257,北海道地方,北海道,上砂川町,ﾎｯｶｲﾄﾞｳ,ｶﾐｽﾅｶﾞﾜﾁｮｳ,,
014273,北海道地方,北海道,由仁町,ﾎｯｶｲﾄﾞｳ,ﾕﾆﾁｮｳ,,
014281,北海道地方,北海道,長沼町,ﾎｯｶｲﾄﾞｳ,ﾅｶﾞﾇﾏﾁｮｳ,,
014290,北海道地方,北海道,栗山町,ﾎｯｶｲﾄﾞｳ,ｸﾘﾔﾏﾁｮｳ,,
014303,北海道地方,北海道,月形町,ﾎｯｶｲﾄﾞｳ,ﾂｷｶﾞﾀﾁｮｳ,,
014311,北海道地方,北海道,浦臼町,ﾎｯｶｲﾄﾞｳ,ｳﾗｳｽﾁｮｳ,,
014320,北海道地方,北海道,新十津川町,ﾎｯｶｲﾄﾞｳ,ｼﾝﾄﾂｶﾜﾁｮｳ,,
014338,北海道地方,北海道,妹背牛町,ﾎｯｶｲﾄﾞｳ,ﾓｾｳｼﾁｮｳ,,
014346,北海道地方,北海道,秩父別町,ﾎｯｶｲﾄﾞｳ,ﾁｯﾌﾟﾍﾞﾂﾁｮｳ,,
014362,北海道地方,北海道,雨竜町,ﾎｯｶｲﾄﾞｳ,ｳﾘｭｳﾁｮｳ,,
014371,北海道地方,北海道,北竜町,ﾎｯｶｲﾄﾞｳ,ﾎｸﾘｭｳﾁｮｳ,,
014389,北海道地方,北海道,沼田町,ﾎｯｶｲﾄﾞｳ,ﾇﾏﾀﾁｮｳ,,
014524,北海道地方,北海道,鷹栖町,ﾎｯｶｲﾄﾞｳ,ﾀｶｽﾁｮｳ,,
014532,北海道地方,北海道,東神楽町,ﾎｯｶｲﾄﾞｳ,ﾋｶﾞｼｶｸﾞﾗﾁｮｳ,,
014541,北海道地方,北海道,当麻町,ﾎｯｶｲﾄﾞｳ,ﾄｳﾏﾁｮｳ,,
014559,北海道地方,北海道,比布町,ﾎｯｶｲﾄﾞｳ,ﾋﾟｯﾌﾟﾁｮｳ,,
014567,北海道地方,北海道,愛別町,ﾎｯｶｲﾄﾞｳ,ｱｲﾍﾞﾂﾁｮｳ,,
014575,北海道地方,北海道,上川町,ﾎｯｶｲﾄﾞｳ,ｶﾐｶﾜﾁｮｳ,,
014583,北海道地方,北海道,東川町,ﾎｯｶｲﾄﾞｳ,ﾋｶﾞｼｶﾜﾁｮｳ,,
014591,北海道地方,北海道,美瑛町,ﾎｯｶｲﾄﾞｳ,ﾋﾞｴｲﾁｮｳ,,
014605,北海道地方,北海道,上富良野町,ﾎｯｶｲﾄﾞｳ,ｶﾐﾌﾗﾉﾁｮｳ,,
014613,北海道地方,北海道,中富良野町,ﾎｯｶｲﾄﾞｳ,ﾅｶﾌﾗﾉﾁｮｳ,,
014621,北海道地方,北海道,南富良野町,ﾎｯｶｲﾄﾞｳ,ﾐﾅﾐﾌﾗﾉﾁｮｳ,,
014630,北海道地方,北海道,占冠村,ﾎｯｶｲﾄﾞｳ,ｼﾑｶｯﾌﾟﾑﾗ,,
014648,北海道地方,北海道,和寒町,ﾎｯｶｲﾄﾞｳ,ﾜｯｻﾑﾁｮｳ,,
014656,北海道地方,北海道,剣淵町,ﾎｯｶｲﾄﾞｳ,ｹﾝﾌﾞﾁﾁｮｳ,,
014681,北海道地方,北海道,下川町,ﾎｯｶｲﾄﾞｳ,ｼﾓｶﾜﾁｮｳ,,
014699,北海道地方,北海道,美深町,ﾎｯｶｲﾄﾞｳ,ﾋﾞﾌｶﾁｮｳ,,
014702,北海道地方,北海道,音威子府村,ﾎｯｶｲﾄﾞｳ,ｵﾄｲﾈｯﾌﾟﾑﾗ,,
014711,北海道地方,北海道,中川町,ﾎｯｶｲﾄﾞｳ,ﾅｶｶﾞﾜﾁｮｳ,,
014729,北海道地方,北海道,幌加内町,ﾎｯｶｲﾄﾞｳ,ﾎﾛｶﾅｲﾁｮｳ,,
014818,北海道地方,北海道,増毛町,ﾎｯｶｲﾄﾞｳ,ﾏｼｹﾁｮｳ,,
014826,北海道地方,北海道,小平町,ﾎｯｶｲﾄﾞｳ,ｵﾋﾞﾗﾁｮｳ,,
014834,北海道地方,北海道,苫前町,ﾎｯｶｲﾄﾞｳ,ﾄﾏﾏｴﾁｮｳ,,
014842,北海道地方,北海道,羽幌町,ﾎｯｶｲﾄﾞｳ,ﾊﾎﾞﾛﾁｮｳ,,
014851,北海道地方,北海道,初山別村,ﾎｯｶｲﾄﾞｳ,ｼｮｻﾝﾍﾞﾂﾑﾗ,,
014869,北海道地方,北海道,遠別町,ﾎｯｶｲﾄﾞｳ,ｴﾝﾍﾞﾂﾁｮｳ,,
014877,北海道地方,北海道,天塩町,ﾎｯｶｲﾄﾞｳ,ﾃｼｵﾁｮｳ,,
015113,北海道地方,北海道,猿払村,ﾎｯｶｲﾄﾞｳ,ｻﾙﾌﾂﾑﾗ,,
015121,北海道地方,北海道,浜頓別町,ﾎｯｶｲﾄﾞｳ,ﾊﾏﾄﾝﾍﾞﾂﾁｮｳ,,
015130,北海道地方,北海道,中頓別町,ﾎｯｶｲﾄﾞｳ,ﾅｶﾄﾝﾍﾞﾂﾁｮｳ,,
015148,北海道地方,北海道,枝幸町,ﾎｯｶｲﾄﾞｳ,ｴｻｼﾁｮｳ,,
015164,北海道地方,北海道,豊富町,ﾎｯｶｲﾄﾞｳ,ﾄﾖﾄﾐﾁｮｳ,,
015172,北海道地方,北海道,礼文町,ﾎｯｶｲﾄﾞｳ,ﾚﾌﾞﾝﾁｮｳ,,
015181,北海道地方,北海道,利尻町,ﾎｯｶｲﾄﾞｳ,ﾘｼﾘﾁｮｳ,,
015199,北海道地方,北海道,利尻富士町,ﾎｯｶｲﾄﾞｳ,ﾘｼﾘﾌｼﾞﾁｮｳ,,
015202,北海道地方,北海道,幌延町,ﾎｯｶｲﾄﾞｳ,ﾎﾛﾉﾍﾞﾁｮｳ,,
015431,北海道地方,北海道,美幌町,ﾎｯｶｲﾄﾞｳ,ﾋﾞﾎﾛﾁｮｳ,,
015440,北海道地方,北海道,津別町,ﾎｯｶｲﾄﾞｳ,ﾂﾍﾞﾂﾁｮｳ,,
015458,北海道地方,北海道,斜里町,ﾎｯｶｲﾄﾞｳ,ｼｬﾘﾁｮｳ,,
015466,北海道地方,北海道,清里町,ﾎｯｶｲﾄﾞｳ,ｷﾖｻﾄﾁｮｳ,,
015474,北海道地方,北海道,小清水町,ﾎｯｶｲﾄﾞｳ,ｺｼﾐｽﾞﾁｮｳ,,
015491,北海道地方,北海道,訓子府町,ﾎｯｶｲﾄﾞｳ,ｸﾝﾈｯﾌﾟﾁｮｳ,,
015504,北海道地方,北海道,置戸町,ﾎｯｶｲﾄﾞｳ,ｵｹﾄﾁｮｳ,,
015521,北海道地方,北海道,佐呂間町,ﾎｯｶｲﾄﾞｳ,ｻﾛﾏﾁｮｳ,,
015555,北海道地方,北海道,遠軽町,ﾎｯｶｲﾄﾞｳ,ｴﾝｶﾞﾙﾁｮｳ,,
015598,北海道地方,北海道,湧別町,ﾎｯｶｲﾄﾞｳ,ﾕｳﾍﾞﾂﾁｮｳ,,
015601,北海道地方,北海道,滝上町,ﾎｯｶｲﾄﾞｳ,ﾀｷﾉｳｴﾁｮｳ,,
015610,北海道地方,北海道,興部町,ﾎｯｶｲﾄﾞｳ,ｵｺｯﾍﾟﾁｮｳ,,
015628,北海道地方,北海道,西興部村,ﾎｯｶｲﾄﾞｳ,ﾆｼｵｺｯﾍﾟﾑﾗ,,
015636,北海道地方,北海道,雄武町,ﾎｯｶｲﾄﾞｳ,ｵｳﾑﾁｮｳ,,
015644,北海道地方,北海道,大空町,ﾎｯｶｲﾄﾞｳ,ｵｵｿﾞﾗﾁｮｳ,,
015717,北海道地方,北海道,豊浦町,ﾎｯｶｲﾄﾞｳ,ﾄﾖｳﾗﾁｮｳ,,
015750,北海道地方,北海道,壮瞥町,ﾎｯｶｲﾄﾞｳ,ｿｳﾍﾞﾂﾁｮｳ,,
015784,北海道地方,北海道,白老町,ﾎｯｶｲﾄﾞｳ,ｼﾗｵｲﾁｮｳ,,
015814,北海道地方,北海道,厚真町,ﾎｯｶｲﾄﾞｳ,ｱﾂﾏﾁｮｳ,,
015849,北海道地方,北海道,洞爺湖町,ﾎｯｶｲﾄﾞｳ,ﾄｳﾔｺﾁｮｳ,,
015857,北海道地方,北海道,安平町,ﾎｯｶｲﾄﾞｳ,ｱﾋﾞﾗﾁｮｳ,,
015865,北海道地方,北海道,むかわ町,ﾎｯｶｲﾄﾞｳ,ﾑｶﾜﾁｮｳ,,
016012,北海道地方,北海道,日高町,ﾎｯｶｲﾄﾞｳ,ﾋﾀﾞｶﾁｮｳ,,
016021,北海道地方,北海道,平取町,ﾎｯｶｲﾄﾞｳ,ﾋﾞﾗﾄﾘﾁｮｳ,,
016047,北海道地方,北海道,新冠町,ﾎｯｶｲﾄﾞｳ,ﾆｲｶｯﾌﾟﾁｮｳ,,
016071,北海道地方,北海道,浦河町,ﾎｯｶｲﾄﾞｳ,ｳﾗｶﾜﾁｮｳ,,
016080,北海道地方,北海道,様似町,ﾎｯｶｲﾄﾞｳ,ｻﾏﾆﾁｮｳ,,
016098,北海道地方,北海道,えりも町,ﾎｯｶｲﾄﾞｳ,ｴﾘﾓﾁｮｳ,,
016101,北海道地方,北海道,新ひだか町,ﾎｯｶｲﾄﾞｳ,ｼﾝﾋﾀﾞｶﾁｮｳ,,
016314,北海道地方,北海道,音更町,ﾎｯｶｲﾄﾞｳ,ｵﾄﾌｹﾁｮｳ,,
016322,北海道地方,北海道,士幌町,ﾎｯｶｲﾄﾞｳ,ｼﾎﾛﾁｮｳ,,
016331,北海道地方,北海道,上士幌町,ﾎｯｶｲﾄﾞｳ,ｶﾐｼﾎﾛﾁｮｳ,,
016349,北海道地方,北海道,鹿追町,ﾎｯｶｲﾄﾞｳ,ｼｶｵｲﾁｮｳ,,
016357,北海道地方,北海道,新得町,ﾎｯｶｲﾄﾞｳ,ｼﾝﾄｸﾁｮｳ,,
016365,北海道地方,北海道,清水町,ﾎｯｶｲﾄﾞｳ,ｼﾐｽﾞﾁｮｳ,,
016373,北海道地方,北海道,芽室町,ﾎｯｶｲﾄﾞｳ,ﾒﾑﾛﾁｮｳ,,
016381,北海道地方,北海道,中札内村,ﾎｯｶｲﾄﾞｳ,ﾅｶｻﾂﾅｲﾑﾗ,,
016390,北海道地方,北海道,更別村,ﾎｯｶｲﾄﾞｳ,ｻﾗﾍﾞﾂﾑﾗ,,
016411,北海道地方,北海道,大樹町,ﾎｯｶｲﾄﾞｳ,ﾀｲｷﾁｮｳ,,
016420,北海道地方,北海道,広尾町,ﾎｯｶｲﾄﾞｳ,ﾋﾛｵﾁｮｳ,,
016438,北海道地方,北海道,幕別町,ﾎｯｶｲﾄﾞｳ,ﾏｸﾍﾞﾂﾁｮｳ,,
016446,北海道地方,北海道,池田町,ﾎｯｶｲﾄﾞｳ,ｲｹﾀﾞﾁｮｳ,,
016454,北海道地方,北海道,豊頃町,ﾎｯｶｲﾄﾞｳ,ﾄﾖｺﾛﾁｮｳ,,
016462,北海道地方,北海道,本別町,ﾎｯｶｲﾄﾞｳ,ﾎﾝﾍﾞﾂﾁｮｳ,,
016471,北海道地方,北海道,足寄町,ﾎｯｶｲﾄﾞｳ,ｱｼｮﾛﾁｮｳ,,
016489,北海道地方,北海道,陸別町,ﾎｯｶｲﾄﾞｳ,ﾘｸﾍﾞﾂﾁｮｳ,,
016497,北海道地方,北海道,浦幌町,ﾎｯｶｲﾄﾞｳ,ｳﾗﾎﾛﾁｮｳ,,
016616,北海道地方,北海道,釧路町,ﾎｯｶｲﾄﾞｳ,ｸｼﾛﾁｮｳ,,
016624,北海道地方,北海道,厚岸町,ﾎｯｶｲﾄﾞｳ,ｱｯｹｼﾁｮｳ,,
016632,北海道地方,北海道,浜中町,ﾎｯｶｲﾄﾞｳ,ﾊﾏﾅｶﾁｮｳ,,
016641,北海道地方,北海道,標茶町,ﾎｯｶｲﾄﾞｳ,ｼﾍﾞﾁｬﾁｮｳ,,
016659,北海道地方,北海道,弟子屈町,ﾎｯｶｲﾄﾞｳ,ﾃｼｶｶﾞﾁｮｳ,,
016675,北海道地方,北海道,鶴居村,ﾎｯｶｲﾄﾞｳ,ﾂﾙｲﾑﾗ,,
016683,北海道地方,北海道,白糠町,ﾎｯｶｲﾄﾞｳ,ｼﾗﾇｶﾁｮｳ,,
016918,北海道地方,北海道,別海町,ﾎｯｶｲﾄﾞｳ,ﾍﾞﾂｶｲﾁｮｳ,,
016926,北海道地方,北海道,中標津町,ﾎｯｶｲﾄﾞｳ,ﾅｶｼﾍﾞﾂﾁｮｳ,,
016934,北海道地方,北海道,標津町,ﾎｯｶｲﾄﾞｳ,ｼﾍﾞﾂﾁｮｳ,,
016942,北海道地方,北海道,羅臼町,ﾎｯｶｲﾄﾞｳ,ﾗｳｽﾁｮｳ,,
016951,北海道地方,北海道,色丹村,ﾎｯｶｲﾄﾞｳ,ｼｺﾀﾝﾑﾗ,,
016969,北海道地方,北海道,泊村(国後郡),ﾎｯｶｲﾄﾞｳ,ﾄﾏﾘﾑﾗ,,
016977,北海道地方,北海道,留夜別村,ﾎｯｶｲﾄﾞｳ,ﾙﾔﾍﾞﾂﾑﾗ,,
016985,北海道地方,北海道,留別村,ﾎｯｶｲﾄﾞｳ,ﾙﾍﾞﾂﾑﾗ,,
016993,北海道地方,北海道,紗那村,ﾎｯｶｲﾄﾞｳ,ｼｬﾅﾑﾗ,,
017001,北海道地方,北海道,蘂取村,ﾎｯｶｲﾄﾞｳ,ｼﾍﾞﾄﾛﾑﾗ,,
020001,東北地方,青森県,,ｱｵﾓﾘｹﾝ,,,
022012,東北地方,青森県,青森市,ｱｵﾓﾘｹﾝ,ｱｵﾓﾘｼ,,
022021,東北地方,青森県,弘前市,ｱｵﾓﾘｹﾝ,ﾋﾛｻｷｼ,,
022039,東北地方,青森県,八戸市,ｱｵﾓﾘｹﾝ,ﾊﾁﾉﾍｼ,,
022047,東北地方,青森県,黒石市,ｱｵﾓﾘｹﾝ,ｸﾛｲｼｼ,,
022055,東北地方,青森県,五所川原市,ｱｵﾓﾘｹﾝ,ｺﾞｼｮｶﾞﾜﾗｼ,,
022063,東北地方,青森県,十和田市,ｱｵﾓﾘｹﾝ,ﾄﾜﾀﾞｼ,,
022071,東北地方,青森県,三沢市,ｱｵﾓﾘｹﾝ,ﾐｻﾜｼ,,
022080,東北地方,青森県,むつ市,ｱｵﾓﾘｹﾝ,ﾑﾂｼ,,
022098,東北地方,青森県,つがる市,ｱｵﾓﾘｹﾝ,ﾂｶﾞﾙｼ,,
022101,東北地方,青森県,平川市,ｱｵﾓﾘｹﾝ,ﾋﾗｶﾜｼ,,
023019,東北地方,青森県,平内町,ｱｵﾓﾘｹﾝ,ﾋﾗﾅｲﾏﾁ,,
023035,東北地方,青森県,今別町,ｱｵﾓﾘｹﾝ,ｲﾏﾍﾞﾂﾏﾁ,,
023043,東北地方,青森県,蓬田村,ｱｵﾓﾘｹﾝ,ﾖﾓｷﾞﾀﾑﾗ,,
023078,東北地方,青森県,外ヶ浜町,ｱｵﾓﾘｹﾝ,ｿﾄｶﾞﾊﾏﾏﾁ,,
023213,東北地方,青森県,鰺ヶ沢町,ｱｵﾓﾘｹﾝ,ｱｼﾞｶﾞｻﾜﾏﾁ,,
023230,東北地方,青森県,深浦町,ｱｵﾓﾘｹﾝ,ﾌｶｳﾗﾏﾁ,,
023434,東北地方,青森県,西目屋村,ｱｵﾓﾘｹﾝ,ﾆｼﾒﾔﾑﾗ,,
023612,東北地方,青森県,藤崎町,ｱｵﾓﾘｹﾝ,ﾌｼﾞｻｷﾏﾁ,,
023621,東北地方,青森県,大鰐町,ｱｵﾓﾘｹﾝ,ｵｵﾜﾆﾏﾁ,,
023671,東北地方,青森県,田舎館村,ｱｵﾓﾘｹﾝ,ｲﾅｶﾀﾞﾃﾑﾗ,,
023817,東北地方,青森県,板柳町,ｱｵﾓﾘｹﾝ,ｲﾀﾔﾅｷﾞﾏﾁ,,
023841,東北地方,青森県,鶴田町,ｱｵﾓﾘｹﾝ,ﾂﾙﾀﾏﾁ,,
023876,東北地方,青森県,中泊町,ｱｵﾓﾘｹﾝ,ﾅｶﾄﾞﾏﾘﾏﾁ,,
024015,東北地方,青森県,野辺地町,ｱｵﾓﾘｹﾝ,ﾉﾍｼﾞﾏﾁ,,
024023,東北地方,青森県,七戸町,ｱｵﾓﾘｹﾝ,ｼﾁﾉﾍﾏﾁ,,
024058,東北地方,青森県,六戸町,ｱｵﾓﾘｹﾝ,ﾛｸﾉﾍﾏﾁ,,
024066,東北地方,青森県,横浜町,ｱｵﾓﾘｹﾝ,ﾖｺﾊﾏﾏﾁ,,
024082,東北地方,青森県,東北町,ｱｵﾓﾘｹﾝ,ﾄｳﾎｸﾏﾁ,,
024112,東北地方,青森県,六ヶ所村,ｱｵﾓﾘｹﾝ,ﾛｯｶｼｮﾑﾗ,,
024121,東北地方,青森県,おいらせ町,ｱｵﾓﾘｹﾝ,ｵｲﾗｾﾁｮｳ,,
024236,東北地方,青森県,大間町,ｱｵﾓﾘｹﾝ,ｵｵﾏﾏﾁ,,
024244,東北地方,青森県,東通村,ｱｵﾓﾘｹﾝ,ﾋｶﾞｼﾄﾞｵﾘﾑﾗ,,
024252,東北地方,青森県,風間浦村,ｱｵﾓﾘｹﾝ,ｶｻﾞﾏｳﾗﾑﾗ,,
024261,東北地方,青森県,佐井村,ｱｵﾓﾘｹﾝ,ｻｲﾑﾗ,,
024414,東北地方,青森県,三戸町,ｱｵﾓﾘｹﾝ,ｻﾝﾉﾍﾏﾁ,,
024422,東北地方,青森県,五戸町,ｱｵﾓﾘｹﾝ,ｺﾞﾉﾍﾏﾁ,,
024431,東北地方,青森県,田子町,ｱｵﾓﾘｹﾝ,ﾀｯｺﾏﾁ,,
024457,東北地方,青森県,南部町,ｱｵﾓﾘｹﾝ,ﾅﾝﾌﾞﾁｮｳ,,
024465,東北地方,青森県,階上町,ｱｵﾓﾘｹﾝ,ﾊｼｶﾐﾁｮｳ,,
024503,東北地方,青森県,新郷村,ｱｵﾓﾘｹﾝ,ｼﾝｺﾞｳﾑﾗ,,
030007,東北地方,岩手県,,ｲﾜﾃｹﾝ,,,
032018,東北地方,岩手県,盛岡市,ｲﾜﾃｹﾝ,ﾓﾘｵｶｼ,,
032026,東北地方,岩手県,宮古市,ｲﾜﾃｹﾝ,ﾐﾔｺｼ,,
032034,東北地方,岩手県,大船渡市,ｲﾜﾃｹﾝ,ｵｵﾌﾅﾄｼ,,
032051,東北地方,岩手県,花巻市,ｲﾜﾃｹﾝ,ﾊﾅﾏｷｼ,,
032069,東北地方,岩手県,北上市,ｲﾜﾃｹﾝ,ｷﾀｶﾐｼ,,
032077,東北地方,岩手県,久慈市,ｲﾜﾃｹﾝ,ｸｼﾞｼ,,
032085,東北地方,岩手県,遠野市,ｲﾜﾃｹﾝ,ﾄｵﾉｼ,,
032093,東北地方,岩手県,一関市,ｲﾜﾃｹﾝ,ｲﾁﾉｾｷｼ,,
032107,東北地方,岩手県,陸前高田市,ｲﾜﾃｹﾝ,ﾘｸｾﾞﾝﾀｶﾀｼ,,
032115,東北地方,岩手県,釜石市,ｲﾜﾃｹﾝ,ｶﾏｲｼｼ,,
032131,東北地方,岩手県,二戸市,ｲﾜﾃｹﾝ,ﾆﾉﾍｼ,,
032140,東北地方,岩手県,八幡平市,ｲﾜﾃｹﾝ,ﾊﾁﾏﾝﾀｲｼ,,
032158,東北地方,岩手県,奥州市,ｲﾜﾃｹﾝ,ｵｳｼｭｳｼ,,
032166,東北地方,岩手県,滝沢市,ｲﾜﾃｹﾝ,ﾀｷｻﾞﾜｼ,,
033014,東北地方,岩手県,雫石町,ｲﾜﾃｹﾝ,ｼｽﾞｸｲｼﾁｮｳ,,
033022,東北地方,岩手県,葛巻町,ｲﾜﾃｹﾝ,ｸｽﾞﾏｷﾏﾁ,,
033031,東北地方,岩手県,岩手町,ｲﾜﾃｹﾝ,ｲﾜﾃﾏﾁ,,
033219,東北地方,岩手県,紫波町,ｲﾜﾃｹﾝ,ｼﾜﾁｮｳ,,
033227,東北地方,岩手県,矢巾町,ｲﾜﾃｹﾝ,ﾔﾊﾊﾞﾁｮｳ,,
033669,東北地方,岩手県,西和賀町,ｲﾜﾃｹﾝ,ﾆｼﾜｶﾞﾏﾁ,,
033812,東北地方,岩手県,金ケ崎町,ｲﾜﾃｹﾝ,ｶﾈｶﾞｻｷﾁｮｳ,,
034029,東北地方,岩手県,平泉町,ｲﾜﾃｹﾝ,ﾋﾗｲｽﾞﾐﾁｮｳ,,
034410,東北地方,岩手県,住田町,ｲﾜﾃｹﾝ,ｽﾐﾀﾁｮｳ,,
034614,東北地方,岩手県,大槌町,ｲﾜﾃｹﾝ,ｵｵﾂﾁﾁｮｳ,,
034827,東北地方,岩手県,山田町,ｲﾜﾃｹﾝ,ﾔﾏﾀﾞﾏﾁ,,
034835,東北地方,岩手県,岩泉町,ｲﾜﾃｹﾝ,ｲﾜｲｽﾞﾐﾁｮｳ,,
034843,東北地方,岩手県,田野畑村,ｲﾜﾃｹﾝ,ﾀﾉﾊﾀﾑﾗ,,
034851,東北地方,岩手県,普代村,ｲﾜﾃｹﾝ,ﾌﾀﾞｲﾑﾗ,,
035017,東北地方,岩手県,軽米町,ｲﾜﾃｹﾝ,ｶﾙﾏｲﾏﾁ,,
035033,東北地方,岩手県,野田村,ｲﾜﾃｹﾝ,ﾉﾀﾞﾑﾗ,,
035068,東北地方,岩手県,九戸村,ｲﾜﾃｹﾝ,ｸﾉﾍﾑﾗ,,
035076,東北地方,岩手県,洋野町,ｲﾜﾃｹﾝ,ﾋﾛﾉﾁｮｳ,,
035246,東北地方,岩手県,一戸町,ｲﾜﾃｹﾝ,ｲﾁﾉﾍﾏﾁ,,
040002,東北地方,宮城県,,ﾐﾔｷﾞｹﾝ,,,
041009,東北地方,宮城県,仙台市,ﾐﾔｷﾞｹﾝ,ｾﾝﾀﾞｲｼ,,
042021,東北地方,宮城県,石巻市,ﾐﾔｷﾞｹﾝ,ｲｼﾉﾏｷｼ,,
042030,東北地方,宮城県,塩竈市,ﾐﾔｷﾞｹﾝ,ｼｵｶﾞﾏｼ,,
042056,東北地方,宮城県,気仙沼市,ﾐﾔｷﾞｹﾝ,ｹｾﾝﾇﾏｼ,,
042064,東北地方,宮城県,白石市,ﾐﾔｷﾞｹﾝ,ｼﾛｲｼｼ,,
042072,東北地方,宮城県,名取市,ﾐﾔｷﾞｹﾝ,ﾅﾄﾘｼ,,
042081,東北地方,宮城県,角田市,ﾐﾔｷﾞｹﾝ,ｶｸﾀﾞｼ,,
042099,東北地方,宮城県,多賀城市,ﾐﾔｷﾞｹﾝ,ﾀｶﾞｼﾞｮｳｼ,,
042111,東北地方,宮城県,岩沼市,ﾐﾔｷﾞｹﾝ,ｲﾜﾇﾏｼ,,
042129,東北地方,宮城県,登米市,ﾐﾔｷﾞｹﾝ,ﾄﾒｼ,,
042137,東北地方,宮城県,栗原市,ﾐﾔｷﾞｹﾝ,ｸﾘﾊﾗｼ,,
042145,東北地方,宮城県,東松島市,ﾐﾔｷﾞｹﾝ,ﾋｶﾞｼﾏﾂｼﾏｼ,,
042153,東北地方,宮城県,大崎市,ﾐﾔｷﾞｹﾝ,ｵｵｻｷｼ,,
042161,東北地方,宮城県,富谷市,ﾐﾔｷﾞｹﾝ,ﾄﾐﾔｼ,,
043010,東北地方,宮城県,蔵王町,ﾐﾔｷﾞｹﾝ,ｻﾞｵｳﾏﾁ,,
043028,東北地方,宮城県,七ヶ宿町,ﾐﾔｷﾞｹﾝ,ｼﾁｶｼｭｸﾏﾁ,,
043214,東北地方,宮城県,大河原町,ﾐﾔｷﾞｹﾝ,ｵｵｶﾞﾜﾗﾏﾁ,,
043222,東北地方,宮城県,村田町,ﾐﾔｷﾞｹﾝ,ﾑﾗﾀﾏﾁ,,
043231,東北地方,宮城県,柴田町,ﾐﾔｷﾞｹﾝ,ｼﾊﾞﾀﾏﾁ,,
043249,東北地方,宮城県,川崎町,ﾐﾔｷﾞｹﾝ,ｶﾜｻｷﾏﾁ,,
043419,東北地方,宮城県,丸森町,ﾐﾔｷﾞｹﾝ,ﾏﾙﾓﾘﾏﾁ,,
043613,東北地方,宮城県,亘理町,ﾐﾔｷﾞｹﾝ,ﾜﾀﾘﾁｮｳ,,
043621,東北地方,宮城県,山元町,ﾐﾔｷﾞｹﾝ,ﾔﾏﾓﾄﾁｮｳ,,
044016,東北地方,宮城県,松島町,ﾐﾔｷﾞｹﾝ,ﾏﾂｼﾏﾏﾁ,,
044041,東北地方,宮城県,七ヶ浜町,ﾐﾔｷﾞｹﾝ,ｼﾁｶﾞﾊﾏﾏﾁ,,
044067,東北地方,宮城県,利府町,ﾐﾔｷﾞｹﾝ,ﾘﾌﾁｮｳ,,
044211,東北地方,宮城県,大和町,ﾐﾔｷﾞｹﾝ,ﾀｲﾜﾁｮｳ,,
044229,東北地方,宮城県,大郷町,ﾐﾔｷﾞｹﾝ,ｵｵｻﾄﾁｮｳ,,
044245,東北地方,宮城県,大衡村,ﾐﾔｷﾞｹﾝ,ｵｵﾋﾗﾑﾗ,,
044440,東北地方,宮城県,色麻町,ﾐﾔｷﾞｹﾝ,ｼｶﾏﾁｮｳ,,
044458,東北地方,宮城県,加美町,ﾐﾔｷﾞｹﾝ,ｶﾐﾏﾁ,,
045012,東北地方,宮城県,涌谷町,ﾐﾔｷﾞｹﾝ,ﾜｸﾔﾁｮｳ,,
045055,東北地方,宮城県,美里町,ﾐﾔｷﾞｹﾝ,ﾐｻﾄﾏﾁ,,
045811,東北地方,宮城県,女川町,ﾐﾔｷﾞｹﾝ,ｵﾅｶﾞﾜﾁｮｳ,,
046060,東北地方,宮城県,南三陸町,ﾐﾔｷﾞｹﾝ,ﾐﾅﾐｻﾝﾘｸﾁｮｳ,,
050008,東北地方,秋田県,,ｱｷﾀｹﾝ,,,
052019,東北地方,秋田県,秋田市,ｱｷﾀｹﾝ,ｱｷﾀｼ,,
052027,東北地方,秋田県,能代市,ｱｷﾀｹﾝ,ﾉｼﾛｼ,,
052035,東北地方,秋田県,横手市,ｱｷﾀｹﾝ,ﾖｺﾃｼ,,
052043,東北地方,秋田県,大館市,ｱｷﾀｹﾝ,ｵｵﾀﾞﾃｼ,,
052060,東北地方,秋田県,男鹿市,ｱｷﾀｹﾝ,ｵｶﾞｼ,,
052078,東北地方,秋田県,湯沢市,ｱｷﾀｹﾝ,ﾕｻﾞﾜｼ,,
052094,東北地方,秋田県,鹿角市,ｱｷﾀｹﾝ,ｶﾂﾞﾉｼ,,
052108,東北地方,秋田県,由利本荘市,ｱｷﾀｹﾝ,ﾕﾘﾎﾝｼﾞｮｳｼ,,
052116,東北地方,秋田県,潟上市,ｱｷﾀｹﾝ,ｶﾀｶﾞﾐｼ,,
052124,東北地方,秋田県,大仙市,ｱｷﾀｹﾝ,ﾀﾞｲｾﾝｼ,,
052132,東北地方,秋田県,北秋田市,ｱｷﾀｹﾝ,ｷﾀｱｷﾀｼ,,
052141,東北地方,秋田県,にかほ市,ｱｷﾀｹﾝ,ﾆｶﾎｼ,,
052159,東北地方,秋田県,仙北市,ｱｷﾀｹﾝ,ｾﾝﾎﾞｸｼ,,
053031,東北地方,秋田県,小坂町,ｱｷﾀｹﾝ,ｺｻｶﾏﾁ,,
053279,東北地方,秋田県,上小阿仁村,ｱｷﾀｹﾝ,ｶﾐｺｱﾆﾑﾗ,,
053465,東北地方,秋田県,藤里町,ｱｷﾀｹﾝ,ﾌｼﾞｻﾄﾏﾁ,,
053481,東北地方,秋田県,三種町,ｱｷﾀｹﾝ,ﾐﾀﾈﾁｮｳ,,
053490,東北地方,秋田県,八峰町,ｱｷﾀｹﾝ,ﾊｯﾎﾟｳﾁｮｳ,,
053619,東北地方,秋田県,五城目町,ｱｷﾀｹﾝ,ｺﾞｼﾞｮｳﾒﾏﾁ,,
053635,東北地方,秋田県,八郎潟町,ｱｷﾀｹﾝ,ﾊﾁﾛｳｶﾞﾀﾏﾁ,,
053660,東北地方,秋田県,井川町,ｱｷﾀｹﾝ,ｲｶﾜﾏﾁ,,
053686,東北地方,秋田県,大潟村,ｱｷﾀｹﾝ,ｵｵｶﾞﾀﾑﾗ,,
054348,東北地方,秋田県,美郷町,ｱｷﾀｹﾝ,ﾐｻﾄﾁｮｳ,,
054631,東北地方,秋田県,羽後町,ｱｷﾀｹﾝ,ｳｺﾞﾏﾁ,,
054640,東北地方,秋田県,東成瀬村,ｱｷﾀｹﾝ,ﾋｶﾞｼﾅﾙｾﾑﾗ,,
060003,東北地方,山形県,,ﾔﾏｶﾞﾀｹﾝ,,,
062014,東北地方,山形県,山形市,ﾔﾏｶﾞﾀｹﾝ,ﾔﾏｶﾞﾀｼ,,
062022,東北地方,山形県,米沢市,ﾔﾏｶﾞﾀｹﾝ,ﾖﾈｻﾞﾜｼ,,
062031,東北地方,山形県,鶴岡市,ﾔﾏｶﾞﾀｹﾝ,ﾂﾙｵｶｼ,,
062049,東北地方,山形県,酒田市,ﾔﾏｶﾞﾀｹﾝ,ｻｶﾀｼ,,
062057,東北地方,山形県,新庄市,ﾔﾏｶﾞﾀｹﾝ,ｼﾝｼﾞｮｳｼ,,
062065,東北地方,山形県,寒河江市,ﾔﾏｶﾞﾀｹﾝ,ｻｶﾞｴｼ,,
062073,東北地方,山形県,上山市,ﾔﾏｶﾞﾀｹﾝ,ｶﾐﾉﾔﾏｼ,,
062081,東北地方,山形県,村山市,ﾔﾏｶﾞﾀｹﾝ,ﾑﾗﾔﾏｼ,,
062090,東北地方,山形県,長井市,ﾔﾏｶﾞﾀｹﾝ,ﾅｶﾞｲｼ,,
062103,東北地方,山形県,天童市,ﾔﾏｶﾞﾀｹﾝ,ﾃﾝﾄﾞｳｼ,,
062111,東北地方,山形県,東根市,ﾔﾏｶﾞﾀｹﾝ,ﾋｶﾞｼﾈｼ,,
062120,東北地方,山形県,尾花沢市,ﾔﾏｶﾞﾀｹﾝ,ｵﾊﾞﾅｻﾞﾜｼ,,
062138,東北地方,山形県,南陽市,ﾔﾏｶﾞﾀｹﾝ,ﾅﾝﾖｳｼ,,
063011,東北地方,山形県,山辺町,ﾔﾏｶﾞﾀｹﾝ,ﾔﾏﾉﾍﾞﾏﾁ,,
063029,東北地方,山形県,中山町,ﾔﾏｶﾞﾀｹﾝ,ﾅｶﾔﾏﾏﾁ,,
063215,東北地方,山形県,河北町,ﾔﾏｶﾞﾀｹﾝ,ｶﾎｸﾁｮｳ,,
063223,東北地方,山形県,西川町,ﾔﾏｶﾞﾀｹﾝ,ﾆｼｶﾜﾏﾁ,,
063231,東北地方,山形県,朝日町,ﾔﾏｶﾞﾀｹﾝ,ｱｻﾋﾏﾁ,,
063240,東北地方,山形県,大江町,ﾔﾏｶﾞﾀｹﾝ,ｵｵｴﾏﾁ,,
063410,東北地方,山形県,大石田町,ﾔﾏｶﾞﾀｹﾝ,ｵｵｲｼﾀﾞﾏﾁ,,
063614,東北地方,山形県,金山町,ﾔﾏｶﾞﾀｹﾝ,ｶﾈﾔﾏﾏﾁ,,
063622,東北地方,山形県,最上町,ﾔﾏｶﾞﾀｹﾝ,ﾓｶﾞﾐﾏﾁ,,
063631,東北地方,山形県,舟形町,ﾔﾏｶﾞﾀｹﾝ,ﾌﾅｶﾞﾀﾏﾁ,,
063649,東北地方,山形県,真室川町,ﾔﾏｶﾞﾀｹﾝ,ﾏﾑﾛｶﾞﾜﾏﾁ,,
063657,東北地方,山形県,大蔵村,ﾔﾏｶﾞﾀｹﾝ,ｵｵｸﾗﾑﾗ,,
063665,東北地方,山形県,鮭川村,ﾔﾏｶﾞﾀｹﾝ,ｻｹｶﾞﾜﾑﾗ,,
063673,東北地方,山形県,戸沢村,ﾔﾏｶﾞﾀｹﾝ,ﾄｻﾞﾜﾑﾗ,,
063819,東北地方,山形県,高畠町,ﾔﾏｶﾞﾀｹﾝ,ﾀｶﾊﾀﾏﾁ,,
063827,東北地方,山形県,川西町,ﾔﾏｶﾞﾀｹﾝ,ｶﾜﾆｼﾏﾁ,,
064017,東北地方,山形県,小国町,ﾔﾏｶﾞﾀｹﾝ,ｵｸﾞﾆﾏﾁ,,
064025,東北地方,山形県,白鷹町,ﾔﾏｶﾞﾀｹﾝ,ｼﾗﾀｶﾏﾁ,,
064033,東北地方,山形県,飯豊町,ﾔﾏｶﾞﾀｹﾝ,ｲｲﾃﾞﾏﾁ,,
064262,東北地方,山形県,三川町,ﾔﾏｶﾞﾀｹﾝ,ﾐｶﾜﾏﾁ,,
064289,東北地方,山形県,庄内町,ﾔﾏｶﾞﾀｹﾝ,ｼﾖｳﾅｲﾏﾁ,,
064611,東北地方,山形県,遊佐町,ﾔﾏｶﾞﾀｹﾝ,ﾕｻﾞﾏﾁ,,
070009,東北地方,福島県,,ﾌｸｼﾏｹﾝ,,,
072010,東北地方,福島県,福島市,ﾌｸｼﾏｹﾝ,ﾌｸｼﾏｼ,,
072028,東北地方,福島県,会津若松市,ﾌｸｼﾏｹﾝ,ｱｲﾂﾞﾜｶﾏﾂｼ,,
072036,東北地方,福島県,郡山市,ﾌｸｼﾏｹﾝ,ｺｵﾘﾔﾏｼ,,
072044,東北地方,福島県,いわき市,ﾌｸｼﾏｹﾝ,ｲﾜｷｼ,,
072052,東北地方,福島県,白河市,ﾌｸｼﾏｹﾝ,ｼﾗｶﾜｼ,,
072079,東北地方,福島県,須賀川市,ﾌｸｼﾏｹﾝ,ｽｶｶﾞﾜｼ,,
072087,東北地方,福島県,喜多方市,ﾌｸｼﾏｹﾝ,ｷﾀｶﾀｼ,,
072095,東北地方,福島県,相馬市,ﾌｸｼﾏｹﾝ,ｿｳﾏｼ,,
072109,東北地方,福島県,二本松市,ﾌｸｼﾏｹﾝ,ﾆﾎﾝﾏﾂｼ,,
072117,東北地方,福島県,田村市,ﾌｸｼﾏｹﾝ,ﾀﾑﾗｼ,,
072125,東北地方,福島県,南相馬市,ﾌｸｼﾏｹﾝ,ﾐﾅﾐｿｳﾏｼ,,
072133,東北地方,福島県,伊達市,ﾌｸｼﾏｹﾝ,ﾀﾞﾃｼ,,
072141,東北地方,福島県,本宮市,ﾌｸｼﾏｹﾝ,ﾓﾄﾐﾔｼ,,
073016,東北地方,福島県,桑折町,ﾌｸｼﾏｹﾝ,ｺｵﾘﾏﾁ,,
073032,東北地方,福島県,国見町,ﾌｸｼﾏｹﾝ,ｸﾆﾐﾏﾁ,,
073083,東北地方,福島県,川俣町,ﾌｸｼﾏｹﾝ,ｶﾜﾏﾀﾏﾁ,,
073229,東北地方,福島県,大玉村,ﾌｸｼﾏｹﾝ,ｵｵﾀﾏﾑﾗ,,
073423,東北地方,福島県,鏡石町,ﾌｸｼﾏｹﾝ,ｶｶﾞﾐｲｼﾏﾁ,,
073440,東北地方,福島県,天栄村,ﾌｸｼﾏｹﾝ,ﾃﾝｴｲﾑﾗ,,
073628,東北地方,福島県,下郷町,ﾌｸｼﾏｹﾝ,ｼﾓｺﾞｳﾏﾁ,,
073644,東北地方,福島県,檜枝岐村,ﾌｸｼﾏｹﾝ,ﾋﾉｴﾏﾀﾑﾗ,,
073679,東北地方,福島県,只見町,ﾌｸｼﾏｹﾝ,ﾀﾀﾞﾐﾏﾁ,,
073687,東北地方,福島県,南会津町,ﾌｸｼﾏｹﾝ,ﾐﾅﾐｱｲﾂﾞﾏﾁ,,
074021,東北地方,福島県,北塩原村,ﾌｸｼﾏｹﾝ,ｷﾀｼｵﾊﾞﾗﾑﾗ,,
074055,東北地方,福島県,西会津町,ﾌｸｼﾏｹﾝ,ﾆｼｱｲﾂﾞﾏﾁ,,
074071,東北地方,福島県,磐梯町,ﾌｸｼﾏｹﾝ,ﾊﾞﾝﾀﾞｲﾏﾁ,,
074080,東北地方,福島県,猪苗代町,ﾌｸｼﾏｹﾝ,ｲﾅﾜｼﾛﾏﾁ,,
074217,東北地方,福島県,会津坂下町,ﾌｸｼﾏｹﾝ,ｱｲﾂﾞﾊﾞﾝｹﾞﾏﾁ,,
074225,東北地方,福島県,湯川村,ﾌｸｼﾏｹﾝ,ﾕｶﾞﾜﾑﾗ,,
074233,東北地方,福島県,柳津町,ﾌｸｼﾏｹﾝ,ﾔﾅｲﾂﾞﾏﾁ,,
074446,東北地方,福島県,三島町,ﾌｸｼﾏｹﾝ,ﾐｼﾏﾏﾁ,,
074454,東北地方,福島県,金山町,ﾌｸｼﾏｹﾝ,ｶﾈﾔﾏﾏﾁ,,
074462,東北地方,福島県,昭和村,ﾌｸｼﾏｹﾝ,ｼｮｳﾜﾑﾗ,,
074471,東北地方,福島県,会津美里町,ﾌｸｼﾏｹﾝ,ｱｲﾂﾞﾐｻﾄﾏﾁ,,
074616,東北地方,福島県,西郷村,ﾌｸｼﾏｹﾝ,ﾆｼｺﾞｳﾑﾗ,,
074641,東北地方,福島県,泉崎村,ﾌｸｼﾏｹﾝ,ｲｽﾞﾐｻﾞｷﾑﾗ,,
074659,東北地方,福島県,中島村,ﾌｸｼﾏｹﾝ,ﾅｶｼﾞﾏﾑﾗ,,
074667,東北地方,福島県,矢吹町,ﾌｸｼﾏｹﾝ,ﾔﾌﾞｷﾏﾁ,,
074811,東北地方,福島県,棚倉町,ﾌｸｼﾏｹﾝ,ﾀﾅｸﾞﾗﾏﾁ,,
074829,東北地方,福島県,矢祭町,ﾌｸｼﾏｹﾝ,ﾔﾏﾂﾘﾏﾁ,,
074837,東北地方,福島県,塙町,ﾌｸｼﾏｹﾝ,ﾊﾅﾜﾏﾁ,,
074845,東北地方,福島県,鮫川村,ﾌｸｼﾏｹﾝ,ｻﾒｶﾞﾜﾑﾗ,,
075019,東北地方,福島県,石川町,ﾌｸｼﾏｹﾝ,ｲｼｶﾜﾏﾁ,,
075027,東北地方,福島県,玉川村,ﾌｸｼﾏｹﾝ,ﾀﾏｶﾜﾑﾗ,,
075035,東北地方,福島県,平田村,ﾌｸｼﾏｹﾝ,ﾋﾗﾀﾑﾗ,,
075043,東北地方,福島県,浅川町,ﾌｸｼﾏｹﾝ,ｱｻｶﾜﾏﾁ,,
075051,東北地方,福島県,古殿町,ﾌｸｼﾏｹﾝ,ﾌﾙﾄﾞﾉﾏﾁ,,
075213,東北地方,福島県,三春町,ﾌｸｼﾏｹﾝ,ﾐﾊﾙﾏﾁ,,
075221,東北地方,福島県,小野町,ﾌｸｼﾏｹﾝ,ｵﾉﾏﾁ,,
075418,東北地方,福島県,広野町,ﾌｸｼﾏｹﾝ,ﾋﾛﾉﾏﾁ,,
075426,東北地方,福島県,楢葉町,ﾌｸｼﾏｹﾝ,ﾅﾗﾊﾏﾁ,,
075434,東北地方,福島県,富岡町,ﾌｸｼﾏｹﾝ,ﾄﾐｵｶﾏﾁ,,
075442,東北地方,福島県,川内村,ﾌｸｼﾏｹﾝ,ｶﾜｳﾁﾑﾗ,,
075451,東北地方,福島県,大熊町,ﾌｸｼﾏｹﾝ,ｵｵｸﾏﾏﾁ,,
075469,東北地方,福島県,双葉町,ﾌｸｼﾏｹﾝ,ﾌﾀﾊﾞﾏﾁ,,
075477,東北地方,福島県,浪江町,ﾌｸｼﾏｹﾝ,ﾅﾐｴﾏﾁ,,
075485,東北地方,福島県,葛尾村,ﾌｸｼﾏｹﾝ,ｶﾂﾗｵﾑﾗ,,
075612,東北地方,福島県,新地町,ﾌｸｼﾏｹﾝ,ｼﾝﾁﾏﾁ,,
075647,東北地方,福島県,飯舘村,ﾌｸｼﾏｹﾝ,ｲｲﾀﾃﾑﾗ,,
080004,関東地方,茨城県,,ｲﾊﾞﾗｷｹﾝ,,,
082015,関東地方,茨城県,水戸市,ｲﾊﾞﾗｷｹﾝ,ﾐﾄｼ,,
082023,関東地方,茨城県,日立市,ｲﾊﾞﾗｷｹﾝ,ﾋﾀﾁｼ,,
082031,関東地方,茨城県,土浦市,ｲﾊﾞﾗｷｹﾝ,ﾂﾁｳﾗｼ,,
082040,関東地方,茨城県,古河市,ｲﾊﾞﾗｷｹﾝ,ｺｶﾞｼ,,
082058,関東地方,茨城県,石岡市,ｲﾊﾞﾗｷｹﾝ,ｲｼｵｶｼ,,
082074,関東地方,茨城県,結城市,ｲﾊﾞﾗｷｹﾝ,ﾕｳｷｼ,,
082082,関東地方,茨城県,龍ケ崎市,ｲﾊﾞﾗｷｹﾝ,ﾘｭｳｶﾞｻｷｼ,,
082104,関東地方,茨城県,下妻市,ｲﾊﾞﾗｷｹﾝ,ｼﾓﾂﾏｼ,,
082112,関東地方,茨城県,常総市,ｲﾊﾞﾗｷｹﾝ,ｼﾞｮｳｿｳｼ,,
082121,関東地方,茨城県,常陸太田市,ｲﾊﾞﾗｷｹﾝ,ﾋﾀﾁｵｵﾀｼ,,
082147,関東地方,茨城県,高萩市,ｲﾊﾞﾗｷｹﾝ,ﾀｶﾊｷﾞｼ,,
082155,関東地方,茨城県,北茨城市,ｲﾊﾞﾗｷｹﾝ,ｷﾀｲﾊﾞﾗｷｼ,,
082163,関東地方,茨城県,笠間市,ｲﾊﾞﾗｷｹﾝ,ｶｻﾏｼ,,
082171,関東地方,茨城県,取手市,ｲﾊﾞﾗｷｹﾝ,ﾄﾘﾃﾞｼ,,
082198,関東地方,茨城県,牛久市,ｲﾊﾞﾗｷｹﾝ,ｳｼｸｼ,,
082201,関東地方,茨城県,つくば市,ｲﾊﾞﾗｷｹﾝ,ﾂｸﾊﾞｼ,,
082210,関東地方,茨城県,ひたちなか市,ｲﾊﾞﾗｷｹﾝ,ﾋﾀﾁﾅｶｼ,,
082228,関東地方,茨城県,鹿嶋市,ｲﾊﾞﾗｷｹﾝ,ｶｼﾏｼ,,
082236,関東地方,茨城県,潮来市,ｲﾊﾞﾗｷｹﾝ,ｲﾀｺｼ,,
082244,関東地方,茨城県,守谷市,ｲﾊﾞﾗｷｹﾝ,ﾓﾘﾔｼ,,
082252,関東地方,茨城県,常陸大宮市,ｲﾊﾞﾗｷｹﾝ,ﾋﾀﾁｵｵﾐﾔｼ,,
082261,関東地方,茨城県,那珂市,ｲﾊﾞﾗｷｹﾝ,ﾅｶｼ,,
082279,関東地方,茨城県,筑西市,ｲﾊﾞﾗｷｹﾝ,ﾁｸｾｲｼ,,
082287,関東地方,茨城県,坂東市,ｲﾊﾞﾗｷｹﾝ,ﾊﾞﾝﾄﾞｳｼ,,
082295,関東地方,茨城県,稲敷市,ｲﾊﾞﾗｷｹﾝ,ｲﾅｼｷｼ,,
082309,関東地方,茨城県,かすみがうら市,ｲﾊﾞﾗｷｹﾝ,ｶｽﾐｶﾞｳﾗｼ,,
082317,関東地方,茨城県,桜川市,ｲﾊﾞﾗｷｹﾝ,ｻｸﾗｶﾞﾜｼ,,
082325,関東地方,茨城県,神栖市,ｲﾊﾞﾗｷｹﾝ,ｶﾐｽｼ,,
082333,関東地方,茨城県,行方市,ｲﾊﾞﾗｷｹﾝ,ﾅﾒｶﾞﾀｼ,,
082341,関東地方,茨城県,鉾田市,ｲﾊﾞﾗｷｹﾝ,ﾎｺﾀｼ,,
082350,関東地方,茨城県,つくばみらい市,ｲﾊﾞﾗｷｹﾝ,ﾂｸﾊﾞﾐﾗｲｼ,,
082368,関東地方,茨城県,小美玉市,ｲﾊﾞﾗｷｹﾝ,ｵﾐﾀﾏｼ,,
083020,関東地方,茨城県,茨城町,ｲﾊﾞﾗｷｹﾝ,ｲﾊﾞﾗｷﾏﾁ,,
083097,関東地方,茨城県,大洗町,ｲﾊﾞﾗｷｹﾝ,ｵｵｱﾗｲﾏﾁ,,
083101,関東地方,茨城県,城里町,ｲﾊﾞﾗｷｹﾝ,ｼﾛｻﾄﾏﾁ,,
083411,関東地方,茨城県,東海村,ｲﾊﾞﾗｷｹﾝ,ﾄｳｶｲﾑﾗ,,
083640,関東地方,茨城県,大子町,ｲﾊﾞﾗｷｹﾝ,ﾀﾞｲｺﾞﾏﾁ,,
084425,関東地方,茨城県,美浦村,ｲﾊﾞﾗｷｹﾝ,ﾐﾎﾑﾗ,,
084433,関東地方,茨城県,阿見町,ｲﾊﾞﾗｷｹﾝ,ｱﾐﾏﾁ,,
084476,関東地方,茨城県,河内町,ｲﾊﾞﾗｷｹﾝ,ｶﾜﾁﾏﾁ,,
085219,関東地方,茨城県,八千代町,ｲﾊﾞﾗｷｹﾝ,ﾔﾁﾖﾏﾁ,,
085421,関東地方,茨城県,五霞町,ｲﾊﾞﾗｷｹﾝ,ｺﾞｶﾏﾁ,,
085464,関東地方,茨城県,境町,ｲﾊﾞﾗｷｹﾝ,ｻｶｲﾏﾁ,,
085642,関東地方,茨城県,利根町,ｲﾊﾞﾗｷｹﾝ,ﾄﾈﾏﾁ,,
090000,関東地方,栃木県,,ﾄﾁｷﾞｹﾝ,,,
092011,関東地方,栃木県,宇都宮市,ﾄﾁｷﾞｹﾝ,ｳﾂﾉﾐﾔｼ,,
092029,関東地方,栃木県,足利市,ﾄﾁｷﾞｹﾝ,ｱｼｶｶﾞｼ,,
092037,関東地方,栃木県,栃木市,ﾄﾁｷﾞｹﾝ,ﾄﾁｷﾞｼ,,
092045,関東地方,栃木県,佐野市,ﾄﾁｷﾞｹﾝ,ｻﾉｼ,,
092053,関東地方,栃木県,鹿沼市,ﾄﾁｷﾞｹﾝ,ｶﾇﾏｼ,,
092061,関東地方,栃木県,日光市,ﾄﾁｷﾞｹﾝ,ﾆｯｺｳｼ,,
092088,関東地方,栃木県,小山市,ﾄﾁｷﾞｹﾝ,ｵﾔﾏｼ,,
092096,関東地方,栃木県,真岡市,ﾄﾁｷﾞｹﾝ,ﾓｵｶｼ,,
092100,関東地方,栃木県,大田原市,ﾄﾁｷﾞｹﾝ,ｵｵﾀﾜﾗｼ,,
092118,関東地方,栃木県,矢板市,ﾄﾁｷﾞｹﾝ,ﾔｲﾀｼ,,
092134,関東地方,栃木県,那須塩原市,ﾄﾁｷﾞｹﾝ,ﾅｽｼｵﾊﾞﾗｼ,,
092142,関東地方,栃木県,さくら市,ﾄﾁｷﾞｹﾝ,ｻｸﾗｼ,,
092151,関東地方,栃木県,那須烏山市,ﾄﾁｷﾞｹﾝ,ﾅｽｶﾗｽﾔﾏｼ,,
092169,関東地方,栃木県,下野市,ﾄﾁｷﾞｹﾝ,ｼﾓﾂｹｼ,,
093017,関東地方,栃木県,上三川町,ﾄﾁｷﾞｹﾝ,ｶﾐﾉｶﾜﾏﾁ,,
093424,関東地方,栃木県,益子町,ﾄﾁｷﾞｹﾝ,ﾏｼｺﾏﾁ,,
093432,関東地方,栃木県,茂木町,ﾄﾁｷﾞｹﾝ,ﾓﾃｷﾞﾏﾁ,,
093441,関東地方,栃木県,市貝町,ﾄﾁｷﾞｹﾝ,ｲﾁｶｲﾏﾁ,,
093459,関東地方,栃木県,芳賀町,ﾄﾁｷﾞｹﾝ,ﾊｶﾞﾏﾁ,,
093611,関東地方,栃木県,壬生町,ﾄﾁｷﾞｹﾝ,ﾐﾌﾞﾏﾁ,,
093645,関東地方,栃木県,野木町,ﾄﾁｷﾞｹﾝ,ﾉｷﾞﾏﾁ,,
093840,関東地方,栃木県,塩谷町,ﾄﾁｷﾞｹﾝ,ｼｵﾔﾏﾁ,,
093866,関東地方,栃木県,高根沢町,ﾄﾁｷﾞｹﾝ,ﾀｶﾈｻﾞﾜﾏﾁ,,
094072,関東地方,栃木県,那須町,ﾄﾁｷﾞｹﾝ,ﾅｽﾏﾁ,,
094111,関東地方,栃木県,那珂川町,ﾄﾁｷﾞｹﾝ,ﾅｶｶﾞﾜﾏﾁ,,
100005,関東地方,群馬県,,ｸﾞﾝﾏｹﾝ,,,
102016,関東地方,群馬県,前橋市,ｸﾞﾝﾏｹﾝ,ﾏｴﾊﾞｼｼ,,
102024,関東地方,群馬県,高崎市,ｸﾞﾝﾏｹﾝ,ﾀｶｻｷｼ,,
102032,関東地方,群馬県,桐生市,ｸﾞﾝﾏｹﾝ,ｷﾘｭｳｼ,,
102041,関東地方,群馬県,伊勢崎市,ｸﾞﾝﾏｹﾝ,ｲｾｻｷｼ,,
102059,関東地方,群馬県,太田市,ｸﾞﾝﾏｹﾝ,ｵｵﾀｼ,,
102067,関東地方,群馬県,沼田市,ｸﾞﾝﾏｹﾝ,ﾇﾏﾀｼ,,
102075,関東地方,群馬県,館林市,ｸﾞﾝﾏｹﾝ,ﾀﾃﾊﾞﾔｼｼ,,
102083,関東地方,群馬県,渋川市,ｸﾞﾝﾏｹﾝ,ｼﾌﾞｶﾜｼ,,
102091,関東地方,群馬県,藤岡市,ｸﾞﾝﾏｹﾝ,ﾌｼﾞｵｶｼ,,
102105,関東地方,群馬県,富岡市,ｸﾞﾝﾏｹﾝ,ﾄﾐｵｶｼ,,
102113,関東地方,群馬県,安中市,ｸﾞﾝﾏｹﾝ,ｱﾝﾅｶｼ,,
102121,関東地方,群馬県,みどり市,ｸﾞﾝﾏｹﾝ,ﾐﾄﾞﾘｼ,,
103446,関東地方,群馬県,榛東村,ｸﾞﾝﾏｹﾝ,ｼﾝﾄｳﾑﾗ,,
103454,関東地方,群馬県,吉岡町,ｸﾞﾝﾏｹﾝ,ﾖｼｵｶﾏﾁ,,
103667,関東地方,群馬県,上野村,ｸﾞﾝﾏｹﾝ,ｳｴﾉﾑﾗ,,
103675,関東地方,群馬県,神流町,ｸﾞﾝﾏｹﾝ,ｶﾝﾅﾏﾁ,,
103829,関東地方,群馬県,下仁田町,ｸﾞﾝﾏｹﾝ,ｼﾓﾆﾀﾏﾁ,,
103837,関東地方,群馬県,南牧村,ｸﾞﾝﾏｹﾝ,ﾅﾝﾓｸﾑﾗ,,
103845,関東地方,群馬県,甘楽町,ｸﾞﾝﾏｹﾝ,ｶﾝﾗﾏﾁ,,
104213,関東地方,群馬県,中之条町,ｸﾞﾝﾏｹﾝ,ﾅｶﾉｼﾞﾖｳﾏﾁ,,
104248,関東地方,群馬県,長野原町,ｸﾞﾝﾏｹﾝ,ﾅｶﾞﾉﾊﾗﾏﾁ,,
104256,関東地方,群馬県,嬬恋村,ｸﾞﾝﾏｹﾝ,ﾂﾏｺﾞｲﾑﾗ,,
104264,関東地方,群馬県,草津町,ｸﾞﾝﾏｹﾝ,ｸｻﾂﾏﾁ,,
104281,関東地方,群馬県,高山村,ｸﾞﾝﾏｹﾝ,ﾀｶﾔﾏﾑﾗ,,
104299,関東地方,群馬県,東吾妻町,ｸﾞﾝﾏｹﾝ,ﾋｶﾞｼｱｶﾞﾂﾏﾏﾁ,,
104434,関東地方,群馬県,片品村,ｸﾞﾝﾏｹﾝ,ｶﾀｼﾅﾑﾗ,,
104442,関東地方,群馬県,川場村,ｸﾞﾝﾏｹﾝ,ｶﾜﾊﾞﾑﾗ,,
104485,関東地方,群馬県,昭和村,ｸﾞﾝﾏｹﾝ,ｼｮｳﾜﾑﾗ,,
104493,関東地方,群馬県,みなかみ町,ｸﾞﾝﾏｹﾝ,ﾐﾅｶﾐﾏﾁ,,
104647,関東地方,群馬県,玉村町,ｸﾞﾝﾏｹﾝ,ﾀﾏﾑﾗﾏﾁ,,
105210,関東地方,群馬県,板倉町,ｸﾞﾝﾏｹﾝ,ｲﾀｸﾗﾏﾁ,,
105228,関東地方,群馬県,明和町,ｸﾞﾝﾏｹﾝ,ﾒｲﾜﾏﾁ,,
105236,関東地方,群馬県,千代田町,ｸﾞﾝﾏｹﾝ,ﾁﾖﾀﾞﾏﾁ,,
105244,関東地方,群馬県,大泉町,ｸﾞﾝﾏｹﾝ,ｵｵｲｽﾞﾐﾏﾁ,,
105252,関東地方,群馬県,邑楽町,ｸﾞﾝﾏｹﾝ,ｵｳﾗﾏﾁ,,
110001,関東地方,埼玉県,,ｻｲﾀﾏｹﾝ,,,
111007,関東地方,埼玉県,さいたま市,ｻｲﾀﾏｹﾝ,ｻｲﾀﾏｼ,,
112011,関東地方,埼玉県,川越市,ｻｲﾀﾏｹﾝ,ｶﾜｺﾞｴｼ,,
112020,関東地方,埼玉県,熊谷市,ｻｲﾀﾏｹﾝ,ｸﾏｶﾞﾔｼ,,
112038,関東地方,埼玉県,川口市,ｻｲﾀﾏｹﾝ,ｶﾜｸﾞﾁｼ,,
112062,関東地方,埼玉県,行田市,ｻｲﾀﾏｹﾝ,ｷﾞﾖｳﾀﾞｼ,,
112071,関東地方,埼玉県,秩父市,ｻｲﾀﾏｹﾝ,ﾁﾁﾌﾞｼ,,
112089,関東地方,埼玉県,所沢市,ｻｲﾀﾏｹﾝ,ﾄｺﾛｻﾞﾜｼ,,
112097,関東地方,埼玉県,飯能市,ｻｲﾀﾏｹﾝ,ﾊﾝﾉｳｼ,,
112101,関東地方,埼玉県,加須市,ｻｲﾀﾏｹﾝ,ｶｿﾞｼ,,
112119,関東地方,埼玉県,本庄市,ｻｲﾀﾏｹﾝ,ﾎﾝｼﾞﾖｳｼ,,
112127,関東地方,埼玉県,東松山市,ｻｲﾀﾏｹﾝ,ﾋｶﾞｼﾏﾂﾔﾏｼ,,
112143,関東地方,埼玉県,春日部市,ｻｲﾀﾏｹﾝ,ｶｽｶﾍﾞｼ,,
112151,関東地方,埼玉県,狭山市,ｻｲﾀﾏｹﾝ,ｻﾔﾏｼ,,
112160,関東地方,埼玉県,羽生市,ｻｲﾀﾏｹﾝ,ﾊﾆﾕｳｼ,,
112178,関東地方,埼玉県,鴻巣市,ｻｲﾀﾏｹﾝ,ｺｳﾉｽｼ,,
112186,関東地方,埼玉県,深谷市,ｻｲﾀﾏｹﾝ,ﾌｶﾔｼ,,
112194,関東地方,埼玉県,上尾市,ｻｲﾀﾏｹﾝ,ｱｹﾞｵｼ,,
112216,関東地方,埼玉県,草加市,ｻｲﾀﾏｹﾝ,ｿｳｶｼ,,
112224,関東地方,埼玉県,越谷市,ｻｲﾀﾏｹﾝ,ｺｼｶﾞﾔｼ,,
112232,関東地方,埼玉県,蕨市,ｻｲﾀﾏｹﾝ,ﾜﾗﾋﾞｼ,,
112241,関東地方,埼玉県,戸田市,ｻｲﾀﾏｹﾝ,ﾄﾀﾞｼ,,
112259,関東地方,埼玉県,入間市,ｻｲﾀﾏｹﾝ,ｲﾙﾏｼ,,
112275,関東地方,埼玉県,朝霞市,ｻｲﾀﾏｹﾝ,ｱｻｶｼ,,
112283,関東地方,埼玉県,志木市,ｻｲﾀﾏｹﾝ,ｼｷｼ,,
112291,関東地方,埼玉県,和光市,ｻｲﾀﾏｹﾝ,ﾜｺｳｼ,,
112305,関東地方,埼玉県,新座市,ｻｲﾀﾏｹﾝ,ﾆｲｻﾞｼ,,
112313,関東地方,埼玉県,桶川市,ｻｲﾀﾏｹﾝ,ｵｹｶﾞﾜｼ,,
112321,関東地方,埼玉県,久喜市,ｻｲﾀﾏｹﾝ,ｸｷｼ,,
112330,関東地方,埼玉県,北本市,ｻｲﾀﾏｹﾝ,ｷﾀﾓﾄｼ,,
112348,関東地方,埼玉県,八潮市,ｻｲﾀﾏｹﾝ,ﾔｼｵｼ,,
112356,関東地方,埼玉県,富士見市,ｻｲﾀﾏｹﾝ,ﾌｼﾞﾐｼ,,
112372,関東地方,埼玉県,三郷市,ｻｲﾀﾏｹﾝ,ﾐｻﾄｼ,,
112381,関東地方,埼玉県,蓮田市,ｻｲﾀﾏｹﾝ,ﾊｽﾀﾞｼ,,
112399,関東地方,埼玉県,坂戸市,ｻｲﾀﾏｹﾝ,ｻｶﾄﾞｼ,,
112402,関東地方,埼玉県,幸手市,ｻｲﾀﾏｹﾝ,ｻｯﾃｼ,,
112411,関東地方,埼玉県,鶴ヶ島市,ｻｲﾀﾏｹﾝ,ﾂﾙｶﾞｼﾏｼ,,
112429,関東地方,埼玉県,日高市,ｻｲﾀﾏｹﾝ,ﾋﾀﾞｶｼ,,
112437,関東地方,埼玉県,吉川市,ｻｲﾀﾏｹﾝ,ﾖｼｶﾜｼ,,
112453,関東地方,埼玉県,ふじみ野市,ｻｲﾀﾏｹﾝ,ﾌｼﾞﾐﾉｼ,,
112461,関東地方,埼玉県,白岡市,ｻｲﾀﾏｹﾝ,ｼﾗｵｶｼ,,
113018,関東地方,埼玉県,伊奈町,ｻｲﾀﾏｹﾝ,ｲﾅﾏﾁ,,
113247,関東地方,埼玉県,三芳町,ｻｲﾀﾏｹﾝ,ﾐﾖｼﾏﾁ,,
113263,関東地方,埼玉県,毛呂山町,ｻｲﾀﾏｹﾝ,ﾓﾛﾔﾏﾏﾁ,,
113271,関東地方,埼玉県,越生町,ｻｲﾀﾏｹﾝ,ｵｺﾞｾﾏﾁ,,
113417,関東地方,埼玉県,滑川町,ｻｲﾀﾏｹﾝ,ﾅﾒｶﾞﾜﾏﾁ,,
113425,関東地方,埼玉県,嵐山町,ｻｲﾀﾏｹﾝ,ﾗﾝｻﾞﾝﾏﾁ,,
113433,関東地方,埼玉県,小川町,ｻｲﾀﾏｹﾝ,ｵｶﾞﾜﾏﾁ,,
113468,関東地方,埼玉県,川島町,ｻｲﾀﾏｹﾝ,ｶﾜｼﾞﾏﾏﾁ,,
113476,関東地方,埼玉県,吉見町,ｻｲﾀﾏｹﾝ,ﾖｼﾐﾏﾁ,,
113484,関東地方,埼玉県,鳩山町,ｻｲﾀﾏｹﾝ,ﾊﾄﾔﾏﾏﾁ,,
113492,関東地方,埼玉県,ときがわ町,ｻｲﾀﾏｹﾝ,ﾄｷｶﾞﾜﾏﾁ,,
113611,関東地方,埼玉県,横瀬町,ｻｲﾀﾏｹﾝ,ﾖｺｾﾞﾏﾁ,,
113620,関東地方,埼玉県,皆野町,ｻｲﾀﾏｹﾝ,ﾐﾅﾉﾏﾁ,,
113638,関東地方,埼玉県,長瀞町,ｻｲﾀﾏｹﾝ,ﾅｶﾞﾄﾛﾏﾁ,,
113654,関東地方,埼玉県,小鹿野町,ｻｲﾀﾏｹﾝ,ｵｶﾞﾉﾏﾁ,,
113697,関東地方,埼玉県,東秩父村,ｻｲﾀﾏｹﾝ,ﾋｶﾞｼﾁﾁﾌﾞﾑﾗ,,
113816,関東地方,埼玉県,美里町,ｻｲﾀﾏｹﾝ,ﾐｻﾄﾏﾁ,,
113832,関東地方,埼玉県,神川町,ｻｲﾀﾏｹﾝ,ｶﾐｶﾜﾏﾁ,,
113859,関東地方,埼玉県,上里町,ｻｲﾀﾏｹﾝ,ｶﾐｻﾄﾏﾁ,,
114081,関東地方,埼玉県,寄居町,ｻｲﾀﾏｹﾝ,ﾖﾘｲﾏﾁ,,
114421,関東地方,埼玉県,宮代町,ｻｲﾀﾏｹﾝ,ﾐﾔｼﾛﾏﾁ,,
114642,関東地方,埼玉県,杉戸町,ｻｲﾀﾏｹﾝ,ｽｷﾞﾄﾏﾁ,,
114651,関東地方,埼玉県,松伏町,ｻｲﾀﾏｹﾝ,ﾏﾂﾌﾞｼﾏﾁ,,
120006,関東地方,千葉県,,ﾁﾊﾞｹﾝ,,,
121002,関東地方,千葉県,千葉市,ﾁﾊﾞｹﾝ,ﾁﾊﾞｼ,,
122025,関東地方,千葉県,銚子市,ﾁﾊﾞｹﾝ,ﾁｮｳｼｼ,,
122033,関東地方,千葉県,市川市,ﾁﾊﾞｹﾝ,ｲﾁｶﾜｼ,,
122041,関東地方,千葉県,船橋市,ﾁﾊﾞｹﾝ,ﾌﾅﾊﾞｼｼ,,
122050,関東地方,千葉県,館山市,ﾁﾊﾞｹﾝ,ﾀﾃﾔﾏｼ,,
122068,関東地方,千葉県,木更津市,ﾁﾊﾞｹﾝ,ｷｻﾗﾂﾞｼ,,
122076,関東地方,千葉県,松戸市,ﾁﾊﾞｹﾝ,ﾏﾂﾄﾞｼ,,
122084,関東地方,千葉県,野田市,ﾁﾊﾞｹﾝ,ﾉﾀﾞｼ,,
122106,関東地方,千葉県,茂原市,ﾁﾊﾞｹﾝ,ﾓﾊﾞﾗｼ,,
122114,関東地方,千葉県,成田市,ﾁﾊﾞｹﾝ,ﾅﾘﾀｼ,,
122122,関東地方,千葉県,佐倉市,ﾁﾊﾞｹﾝ,ｻｸﾗｼ,,
122131,関東地方,千葉県,東金市,ﾁﾊﾞｹﾝ,ﾄｳｶﾞﾈｼ,,
122157,関東地方,千葉県,旭市,ﾁﾊﾞｹﾝ,ｱｻﾋｼ,,
122165,関東地方,千葉県,習志野市,ﾁﾊﾞｹﾝ,ﾅﾗｼﾉｼ,,
122173,関東地方,千葉県,柏市,ﾁﾊﾞｹﾝ,ｶｼﾜｼ,,
122181,関東地方,千葉県,勝浦市,ﾁﾊﾞｹﾝ,ｶﾂｳﾗｼ,,
122190,関東地方,千葉県,市原市,ﾁﾊﾞｹﾝ,ｲﾁﾊﾗｼ,,
122203,関東地方,千葉県,流山市,ﾁﾊﾞｹﾝ,ﾅｶﾞﾚﾔﾏｼ,,
122211,関東地方,千葉県,八千代市,ﾁﾊﾞｹﾝ,ﾔﾁﾖｼ,,
122220,関東地方,千葉県,我孫子市,ﾁﾊﾞｹﾝ,ｱﾋﾞｺｼ,,
122238,関東地方,千葉県,鴨川市,ﾁﾊﾞｹﾝ,ｶﾓｶﾞﾜｼ,,
122246,関東地方,千葉県,鎌ケ谷市,ﾁﾊﾞｹﾝ,ｶﾏｶﾞﾔｼ,,
122254,関東地方,千葉県,君津市,ﾁﾊﾞｹﾝ,ｷﾐﾂｼ,,
122262,関東地方,千葉県,富津市,ﾁﾊﾞｹﾝ,ﾌｯﾂｼ,,
122271,関東地方,千葉県,浦安市,ﾁﾊﾞｹﾝ,ｳﾗﾔｽｼ,,
122289,関東地方,千葉県,四街道市,ﾁﾊﾞｹﾝ,ﾖﾂｶｲﾄﾞｳｼ,,
122297,関東地方,千葉県,袖ケ浦市,ﾁﾊﾞｹﾝ,ｿﾃﾞｶﾞｳﾗｼ,,
122301,関東地方,千葉県,八街市,ﾁﾊﾞｹﾝ,ﾔﾁﾏﾀｼ,,
122319,関東地方,千葉県,印西市,ﾁﾊﾞｹﾝ,ｲﾝｻﾞｲｼ,,
122327,関東地方,千葉県,白井市,ﾁﾊﾞｹﾝ,ｼﾛｲｼ,,
122335,関東地方,千葉県,富里市,ﾁﾊﾞｹﾝ,ﾄﾐｻﾄｼ,,
122343,関東地方,千葉県,南房総市,ﾁﾊﾞｹﾝ,ﾐﾅﾐﾎﾞｳｿｳｼ,,
122351,関東地方,千葉県,匝瑳市,ﾁﾊﾞｹﾝ,ｿｳｻｼ,,
122360,関東地方,千葉県,香取市,ﾁﾊﾞｹﾝ,ｶﾄﾘｼ,,
122378,関東地方,千葉県,山武市,ﾁﾊﾞｹﾝ,ｻﾝﾑｼ,,
122386,関東地方,千葉県,いすみ市,ﾁﾊﾞｹﾝ,ｲｽﾐｼ,,
122394,関東地方,千葉県,大網白里市,ﾁﾊﾞｹﾝ,ｵｵｱﾐｼﾗｻﾄｼ,,
123226,関東地方,千葉県,酒々井町,ﾁﾊﾞｹﾝ,ｼｽｲﾏﾁ,,
123293,関東地方,千葉県,栄町,ﾁﾊﾞｹﾝ,ｻｶｴﾏﾁ,,
123421,関東地方,千葉県,神崎町,ﾁﾊﾞｹﾝ,ｺｳｻﾞｷﾏﾁ,,
123471,関東地方,千葉県,多古町,ﾁﾊﾞｹﾝ,ﾀｺﾏﾁ,,
123498,関東地方,千葉県,東庄町,ﾁﾊﾞｹﾝ,ﾄｳﾉｼｮｳﾏﾁ,,
124036,関東地方,千葉県,九十九里町,ﾁﾊﾞｹﾝ,ｸｼﾞﾕｳｸﾘﾏﾁ,,
124095,関東地方,千葉県,芝山町,ﾁﾊﾞｹﾝ,ｼﾊﾞﾔﾏﾏﾁ,,
124109,関東地方,千葉県,横芝光町,ﾁﾊﾞｹﾝ,ﾖｺｼﾊﾞﾋｶﾘﾏﾁ,,
124214,関東地方,千葉県,一宮町,ﾁﾊﾞｹﾝ,ｲﾁﾉﾐﾔﾏﾁ,,
124222,関東地方,千葉県,睦沢町,ﾁﾊﾞｹﾝ,ﾑﾂｻﾞﾜﾏﾁ,,
124231,関東地方,千葉県,長生村,ﾁﾊﾞｹﾝ,ﾁｮｳｾｲﾑﾗ,,
124249,関東地方,千葉県,白子町,ﾁﾊﾞｹﾝ,ｼﾗｺﾏﾁ,,
124265,関東地方,千葉県,長柄町,ﾁﾊﾞｹﾝ,ﾅｶﾞﾗﾏﾁ,,
124273,関東地方,千葉県,長南町,ﾁﾊﾞｹﾝ,ﾁｮｳﾅﾝﾏﾁ,,
124419,関東地方,千葉県,大多喜町,ﾁﾊﾞｹﾝ,ｵｵﾀｷﾏﾁ,,
124435,関東地方,千葉県,御宿町,ﾁﾊﾞｹﾝ,ｵﾝｼﾞﾕｸﾏﾁ,,
124630,関東地方,千葉県,鋸南町,ﾁﾊﾞｹﾝ,ｷﾖﾅﾝﾏﾁ,,
130001,関東地方,東京都,,ﾄｳｷｮｳﾄ,,,
131016,関東地方,東京都,千代田区,ﾄｳｷｮｳﾄ,ﾁﾖﾀﾞｸ,,
131024,関東地方,東京都,中央区,ﾄｳｷｮｳﾄ,ﾁｭｳｵｳｸ,,
131032,関東地方,東京都,港区,ﾄｳｷｮｳﾄ,ﾐﾅﾄｸ,,
131041,関東地方,東京都,新宿区,ﾄｳｷｮｳﾄ,ｼﾝｼﾞｭｸｸ,,
131059,関東地方,東京都,文京区,ﾄｳｷｮｳﾄ,ﾌﾞﾝｷｮｳｸ,,
131067,関東地方,東京都,台東区,ﾄｳｷｮｳﾄ,ﾀｲﾄｳｸ,,
131075,関東地方,東京都,墨田区,ﾄｳｷｮｳﾄ,ｽﾐﾀﾞｸ,,
131083,関東地方,東京都,江東区,ﾄｳｷｮｳﾄ,ｺｳﾄｳｸ,,
131091,関東地方,東京都,品川区,ﾄｳｷｮｳﾄ,ｼﾅｶﾞﾜｸ,,
131105,関東地方,東京都,目黒区,ﾄｳｷｮｳﾄ,ﾒｸﾞﾛｸ,,
131113,関東地方,東京都,大田区,ﾄｳｷｮｳﾄ,ｵｵﾀｸ,,
131121,関東地方,東京都,世田谷区,ﾄｳｷｮｳﾄ,ｾﾀｶﾞﾔｸ,,
131130,関東地方,東京都,渋谷区,ﾄｳｷｮｳﾄ,ｼﾌﾞﾔｸ,,
131148,関東地方,東京都,中野区,ﾄｳｷｮｳﾄ,ﾅｶﾉｸ,,
131156,関東地方,東京都,杉並区,ﾄｳｷｮｳﾄ,ｽｷﾞﾅﾐｸ,,
131164,関東地方,東京都,豊島区,ﾄｳｷｮｳﾄ,ﾄｼﾏｸ,,
131172,関東地方,東京都,北区,ﾄｳｷｮｳﾄ,ｷﾀｸ,,
131181,関東地方,東京都,荒川区,ﾄｳｷｮｳﾄ,ｱﾗｶﾜｸ,,
131199,関東地方,東京都,板橋区,ﾄｳｷｮｳﾄ,ｲﾀﾊﾞｼｸ,,
131202,関東地方,東京都,練馬区,ﾄｳｷｮｳﾄ,ﾈﾘﾏｸ,,
131211,関東地方,東京都,足立区,ﾄｳｷｮｳﾄ,ｱﾀﾞﾁｸ,,
131229,関東地方,東京都,葛飾区,ﾄｳｷｮｳﾄ,ｶﾂｼｶｸ,,
131237,関東地方,東京都,江戸川区,ﾄｳｷｮｳﾄ,ｴﾄﾞｶﾞﾜｸ,,
132012,関東地方,東京都,八王子市,ﾄｳｷｮｳﾄ,ﾊﾁｵｳｼﾞｼ,,
132021,関東地方,東京都,立川市,ﾄｳｷｮｳﾄ,ﾀﾁｶﾜｼ,,
132039,関東地方,東京都,武蔵野市,ﾄｳｷｮｳﾄ,ﾑｻｼﾉｼ,,
132047,関東地方,東京都,三鷹市,ﾄｳｷｮｳﾄ,ﾐﾀｶｼ,,
132055,関東地方,東京都,青梅市,ﾄｳｷｮｳﾄ,ｵｳﾒｼ,,
132063,関東地方,東京都,府中市,ﾄｳｷｮｳﾄ,ﾌﾁｭｳｼ,,
132071,関東地方,東京都,昭島市,ﾄｳｷｮｳﾄ,ｱｷｼﾏｼ,,
132080,関東地方,東京都,調布市,ﾄｳｷｮｳﾄ,ﾁｮｳﾌｼ,,
132098,関東地方,東京都,町田市,ﾄｳｷｮｳﾄ,ﾏﾁﾀﾞｼ,,
132101,関東地方,東京都,小金井市,ﾄｳｷｮｳﾄ,ｺｶﾞﾈｲｼ,,
132110,関東地方,東京都,小平市,ﾄｳｷｮｳﾄ,ｺﾀﾞｲﾗｼ,,
132128,関東地方,東京都,日野市,ﾄｳｷｮｳﾄ,ﾋﾉｼ,,
132136,関東地方,東京都,東村山市,ﾄｳｷｮｳﾄ,ﾋｶﾞｼﾑﾗﾔﾏｼ,,
132144,関東地方,東京都,国分寺市,ﾄｳｷｮｳﾄ,ｺｸﾌﾞﾝｼﾞｼ,,
132152,関東地方,東京都,国立市,ﾄｳｷｮｳﾄ,ｸﾆﾀﾁｼ,,
132187,関東地方,東京都,福生市,ﾄｳｷｮｳﾄ,ﾌｯｻｼ,,
132195,関東地方,東京都,狛江市,ﾄｳｷｮｳﾄ,ｺﾏｴｼ,,
132209,関東地方,東京都,東大和市,ﾄｳｷｮｳﾄ,ﾋｶﾞｼﾔﾏﾄｼ,,
132217,関東地方,東京都,清瀬市,ﾄｳｷｮｳﾄ,ｷﾖｾｼ,,
132225,関東地方,東京都,東久留米市,ﾄｳｷｮｳﾄ,ﾋｶﾞｼｸﾙﾒｼ,,
132233,関東地方,東京都,武蔵村山市,ﾄｳｷｮｳﾄ,ﾑｻｼﾑﾗﾔﾏｼ,,
132241,関東地方,東京都,多摩市,ﾄｳｷｮｳﾄ,ﾀﾏｼ,,
132250,関東地方,東京都,稲城市,ﾄｳｷｮｳﾄ,ｲﾅｷﾞｼ,,
132276,関東地方,東京都,羽村市,ﾄｳｷｮｳﾄ,ﾊﾑﾗｼ,,
132284,関東地方,東京都,あきる野市,ﾄｳｷｮｳﾄ,ｱｷﾙﾉｼ,,
132292,関東地方,東京都,西東京市,ﾄｳｷｮｳﾄ,ﾆｼﾄｳｷｮｳｼ,,
133035,関東地方,東京都,瑞穂町,ﾄｳｷｮｳﾄ,ﾐｽﾞﾎﾏﾁ,,
133051,関東地方,東京都,日の出町,ﾄｳｷｮｳﾄ,ﾋﾉﾃﾞﾏﾁ,,
133078,関東地方,東京都,檜原村,ﾄｳｷｮｳﾄ,ﾋﾉﾊﾗﾑﾗ,,
133086,関東地方,東京都,奥多摩町,ﾄｳｷｮｳﾄ,ｵｸﾀﾏﾏﾁ,,
133612,関東地方,東京都,大島町,ﾄｳｷｮｳﾄ,ｵｵｼﾏﾏﾁ,,
133621,関東地方,東京都,利島村,ﾄｳｷｮｳﾄ,ﾄｼﾏﾑﾗ,,
133639,関東地方,東京都,新島村,ﾄｳｷｮｳﾄ,ﾆｲｼﾞﾏﾑﾗ,,
133647,関東地方,東京都,神津島村,ﾄｳｷｮｳﾄ,ｺｳﾂﾞｼﾏﾑﾗ,,
133817,関東地方,東京都,三宅村,ﾄｳｷｮｳﾄ,ﾐﾔｹﾑﾗ,,
133825,関東地方,東京都,御蔵島村,ﾄｳｷｮｳﾄ,ﾐｸﾗｼﾞﾏﾑﾗ,,
134015,関東地方,東京都,八丈町,ﾄｳｷｮｳﾄ,ﾊﾁｼﾞｮｳﾏﾁ,,
134023,関東地方,東京都,青ヶ島村,ﾄｳｷｮｳﾄ,ｱｵｶﾞｼﾏﾑﾗ,,
134210,関東地方,東京都,小笠原村,ﾄｳｷｮｳﾄ,ｵｶﾞｻﾜﾗﾑﾗ,,
140007,関東地方,神奈川県,,ｶﾅｶﾞﾜｹﾝ,,,
141003,関東地方,神奈川県,横浜市,ｶﾅｶﾞﾜｹﾝ,ﾖｺﾊﾏｼ,,
141305,関東地方,神奈川県,川崎市,ｶﾅｶﾞﾜｹﾝ,ｶﾜｻｷｼ,,
141500,関東地方,神奈川県,相模原市,ｶﾅｶﾞﾜｹﾝ,ｻｶﾞﾐﾊﾗｼ,,
142018,関東地方,神奈川県,横須賀市,ｶﾅｶﾞﾜｹﾝ,ﾖｺｽｶｼ,,
142034,関東地方,神奈川県,平塚市,ｶﾅｶﾞﾜｹﾝ,ﾋﾗﾂｶｼ,,
142042,関東地方,神奈川県,鎌倉市,ｶﾅｶﾞﾜｹﾝ,ｶﾏｸﾗｼ,,
142051,関東地方,神奈川県,藤沢市,ｶﾅｶﾞﾜｹﾝ,ﾌｼﾞｻﾜｼ,,
142069,関東地方,神奈川県,小田原市,ｶﾅｶﾞﾜｹﾝ,ｵﾀﾞﾜﾗｼ,,
142077,関東地方,神奈川県,茅ヶ崎市,ｶﾅｶﾞﾜｹﾝ,ﾁｶﾞｻｷｼ,,
142085,関東地方,神奈川県,逗子市,ｶﾅｶﾞﾜｹﾝ,ｽﾞｼｼ,,
142107,関東地方,神奈川県,三浦市,ｶﾅｶﾞﾜｹﾝ,ﾐｳﾗｼ,,
142115,関東地方,神奈川県,秦野市,ｶﾅｶﾞﾜｹﾝ,ﾊﾀﾞﾉｼ,,
142123,関東地方,神奈川県,厚木市,ｶﾅｶﾞﾜｹﾝ,ｱﾂｷﾞｼ,,
142131,関東地方,神奈川県,大和市,ｶﾅｶﾞﾜｹﾝ,ﾔﾏﾄｼ,,
142140,関東地方,神奈川県,伊勢原市,ｶﾅｶﾞﾜｹﾝ,ｲｾﾊﾗｼ,,
142158,関東地方,神奈川県,海老名市,ｶﾅｶﾞﾜｹﾝ,ｴﾋﾞﾅｼ,,
142166,関東地方,神奈川県,座間市,ｶﾅｶﾞﾜｹﾝ,ｻﾞﾏｼ,,
142174,関東地方,神奈川県,南足柄市,ｶﾅｶﾞﾜｹﾝ,ﾐﾅﾐｱｼｶﾞﾗｼ,,
142182,関東地方,神奈川県,綾瀬市,ｶﾅｶﾞﾜｹﾝ,ｱﾔｾｼ,,
143014,関東地方,神奈川県,葉山町,ｶﾅｶﾞﾜｹﾝ,ﾊﾔﾏﾏﾁ,,
143219,関東地方,神奈川県,寒川町,ｶﾅｶﾞﾜｹﾝ,ｻﾑｶﾜﾏﾁ,,
143413,関東地方,神奈川県,大磯町,ｶﾅｶﾞﾜｹﾝ,ｵｵｲｿﾏﾁ,,
143421,関東地方,神奈川県,二宮町,ｶﾅｶﾞﾜｹﾝ,ﾆﾉﾐﾔﾏﾁ,,
143618,関東地方,神奈川県,中井町,ｶﾅｶﾞﾜｹﾝ,ﾅｶｲﾏﾁ,,
143626,関東地方,神奈川県,大井町,ｶﾅｶﾞﾜｹﾝ,ｵｵｲﾏﾁ,,
143634,関東地方,神奈川県,松田町,ｶﾅｶﾞﾜｹﾝ,ﾏﾂﾀﾞﾏﾁ,,
143642,関東地方,神奈川県,山北町,ｶﾅｶﾞﾜｹﾝ,ﾔﾏｷﾀﾏﾁ,,
143669,関東地方,神奈川県,開成町,ｶﾅｶﾞﾜｹﾝ,ｶｲｾｲﾏﾁ,,
143821,関東地方,神奈川県,箱根町,ｶﾅｶﾞﾜｹﾝ,ﾊｺﾈﾏﾁ,,
143839,関東地方,神奈川県,真鶴町,ｶﾅｶﾞﾜｹﾝ,ﾏﾅﾂﾙﾏﾁ,,
143847,関東地方,神奈川県,湯河原町,ｶﾅｶﾞﾜｹﾝ,ﾕｶﾞﾜﾗﾏﾁ,,
144011,関東地方,神奈川県,愛川町,ｶﾅｶﾞﾜｹﾝ,ｱｲｶﾜﾏﾁ,,
144029,関東地方,神奈川県,清川村,ｶﾅｶﾞﾜｹﾝ,ｷﾖｶﾜﾑﾗ,,
150002,中部地方,新潟県,,ﾆｲｶﾞﾀｹﾝ,,,
151009,中部地方,新潟県,新潟市,ﾆｲｶﾞﾀｹﾝ,ﾆｲｶﾞﾀｼ,,
152021,中部地方,新潟県,長岡市,ﾆｲｶﾞﾀｹﾝ,ﾅｶﾞｵｶｼ,,
152048,中部地方,新潟県,三条市,ﾆｲｶﾞﾀｹﾝ,ｻﾝｼﾞｮｳｼ,,
152056,中部地方,新潟県,柏崎市,ﾆｲｶﾞﾀｹﾝ,ｶｼﾜｻﾞｷｼ,,
152064,中部地方,新潟県,新発田市,ﾆｲｶﾞﾀｹﾝ,ｼﾊﾞﾀｼ,,
152081,中部地方,新潟県,小千谷市,ﾆｲｶﾞﾀｹﾝ,ｵﾁﾞﾔｼ,,
152099,中部地方,新潟県,加茂市,ﾆｲｶﾞﾀｹﾝ,ｶﾓｼ,,
152102,中部地方,新潟県,十日町市,ﾆｲｶﾞﾀｹﾝ,ﾄｵｶﾏﾁｼ,,
152111,中部地方,新潟県,見附市,ﾆｲｶﾞﾀｹﾝ,ﾐﾂｹｼ,,
152129,中部地方,新潟県,村上市,ﾆｲｶﾞﾀｹﾝ,ﾑﾗｶﾐｼ,,
152137,中部地方,新潟県,燕市,ﾆｲｶﾞﾀｹﾝ,ﾂﾊﾞﾒｼ,,
152161,中部地方,新潟県,糸魚川市,ﾆｲｶﾞﾀｹﾝ,ｲﾄｲｶﾞﾜｼ,,
152170,中部地方,新潟県,妙高市,ﾆｲｶﾞﾀｹﾝ,ﾐｮｳｺｳｼ,,
152188,中部地方,新潟県,五泉市,ﾆｲｶﾞﾀｹﾝ,ｺﾞｾﾝｼ,,
152226,中部地方,新潟県,上越市,ﾆｲｶﾞﾀｹﾝ,ｼﾞｮｳｴﾂｼ,,
152234,中部地方,新潟県,阿賀野市,ﾆｲｶﾞﾀｹﾝ,ｱｶﾞﾉｼ,,
152242,中部地方,新潟県,佐渡市,ﾆｲｶﾞﾀｹﾝ,ｻﾄﾞｼ,,
152251,中部地方,新潟県,魚沼市,ﾆｲｶﾞﾀｹﾝ,ｳｵﾇﾏｼ,,
152269,中部地方,新潟県,南魚沼市,ﾆｲｶﾞﾀｹﾝ,ﾐﾅﾐｳｵﾇﾏｼ,,
152277,中部地方,新潟県,胎内市,ﾆｲｶﾞﾀｹﾝ,ﾀｲﾅｲｼ,,
153079,中部地方,新潟県,聖籠町,ﾆｲｶﾞﾀｹﾝ,ｾｲﾛｳﾏﾁ,,
153427,中部地方,新潟県,弥彦村,ﾆｲｶﾞﾀｹﾝ,ﾔﾋｺﾑﾗ,,
153613,中部地方,新潟県,田上町,ﾆｲｶﾞﾀｹﾝ,ﾀｶﾞﾐﾏﾁ,,
153851,中部地方,新潟県,阿賀町,ﾆｲｶﾞﾀｹﾝ,ｱｶﾞﾏﾁ,,
154059,中部地方,新潟県,出雲崎町,ﾆｲｶﾞﾀｹﾝ,ｲｽﾞﾓｻﾞｷﾏﾁ,,
154610,中部地方,新潟県,湯沢町,ﾆｲｶﾞﾀｹﾝ,ﾕｻﾞﾜﾏﾁ,,
154822,中部地方,新潟県,津南町,ﾆｲｶﾞﾀｹﾝ,ﾂﾅﾝﾏﾁ,,
155047,中部地方,新潟県,刈羽村,ﾆｲｶﾞﾀｹﾝ,ｶﾘﾜﾑﾗ,,
155811,中部地方,新潟県,関川村,ﾆｲｶﾞﾀｹﾝ,ｾｷｶﾜﾑﾗ,,
155861,中部地方,新潟県,粟島浦村,ﾆｲｶﾞﾀｹﾝ,ｱﾜｼﾏｳﾗﾑﾗ,,
160008,中部地方,富山県,,ﾄﾔﾏｹﾝ,,,
162019,中部地方,富山県,富山市,ﾄﾔﾏｹﾝ,ﾄﾔﾏｼ,,
162027,中部地方,富山県,高岡市,ﾄﾔﾏｹﾝ,ﾀｶｵｶｼ,,
162043,中部地方,富山県,魚津市,ﾄﾔﾏｹﾝ,ｳｵﾂﾞｼ,,
162051,中部地方,富山県,氷見市,ﾄﾔﾏｹﾝ,ﾋﾐｼ,,
162060,中部地方,富山県,滑川市,ﾄﾔﾏｹﾝ,ﾅﾒﾘｶﾜｼ,,
162078,中部地方,富山県,黒部市,ﾄﾔﾏｹﾝ,ｸﾛﾍﾞｼ,,
162086,中部地方,富山県,砺波市,ﾄﾔﾏｹﾝ,ﾄﾅﾐｼ,,
162094,中部地方,富山県,小矢部市,ﾄﾔﾏｹﾝ,ｵﾔﾍﾞｼ,,
162108,中部地方,富山県,南砺市,ﾄﾔﾏｹﾝ,ﾅﾝﾄｼ,,
162116,中部地方,富山県,射水市,ﾄﾔﾏｹﾝ,ｲﾐｽﾞｼ,,
163210,中部地方,富山県,舟橋村,ﾄﾔﾏｹﾝ,ﾌﾅﾊｼﾑﾗ,,
163228,中部地方,富山県,上市町,ﾄﾔﾏｹﾝ,ｶﾐｲﾁﾏﾁ,,
163236,中部地方,富山県,立山町,ﾄﾔﾏｹﾝ,ﾀﾃﾔﾏﾏﾁ,,
163422,中部地方,富山県,入善町,ﾄﾔﾏｹﾝ,ﾆｭｳｾﾞﾝﾏﾁ,,
163431,中部地方,富山県,朝日町,ﾄﾔﾏｹﾝ,ｱｻﾋﾏﾁ,,
170003,中部地方,石川県,,ｲｼｶﾜｹﾝ,,,
172014,中部地方,石川県,金沢市,ｲｼｶﾜｹﾝ,ｶﾅｻﾞﾜｼ,,
172022,中部地方,石川県,七尾市,ｲｼｶﾜｹﾝ,ﾅﾅｵｼ,,
172031,中部地方,石川県,小松市,ｲｼｶﾜｹﾝ,ｺﾏﾂｼ,,
172049,中部地方,石川県,輪島市,ｲｼｶﾜｹﾝ,ﾜｼﾞﾏｼ,,
172057,中部地方,石川県,珠洲市,ｲｼｶﾜｹﾝ,ｽｽﾞｼ,,
172065,中部地方,石川県,加賀市,ｲｼｶﾜｹﾝ,ｶｶﾞｼ,,
172073,中部地方,石川県,羽咋市,ｲｼｶﾜｹﾝ,ﾊｸｲｼ,,
172090,中部地方,石川県,かほく市,ｲｼｶﾜｹﾝ,ｶﾎｸｼ,,
172103,中部地方,石川県,白山市,ｲｼｶﾜｹﾝ,ﾊｸｻﾝｼ,,
172111,中部地方,石川県,能美市,ｲｼｶﾜｹﾝ,ﾉﾐｼ,,
172120,中部地方,石川県,野々市市,ｲｼｶﾜｹﾝ,ﾉﾉｲﾁｼ,,
173240,中部地方,石川県,川北町,ｲｼｶﾜｹﾝ,ｶﾜｷﾀﾏﾁ,,
173614,中部地方,石川県,津幡町,ｲｼｶﾜｹﾝ,ﾂﾊﾞﾀﾏﾁ,,
173657,中部地方,石川県,内灘町,ｲｼｶﾜｹﾝ,ｳﾁﾅﾀﾞﾏﾁ,,
173843,中部地方,石川県,志賀町,ｲｼｶﾜｹﾝ,ｼｶﾏﾁ,,
173860,中部地方,石川県,宝達志水町,ｲｼｶﾜｹﾝ,ﾎｳﾀﾞﾂｼﾐｽﾞﾁｮｳ,,
174076,中部地方,石川県,中能登町,ｲｼｶﾜｹﾝ,ﾅｶﾉﾄﾏﾁ,,
174611,中部地方,石川県,穴水町,ｲｼｶﾜｹﾝ,ｱﾅﾐｽﾞﾏﾁ,,
174637,中部地方,石川県,能登町,ｲｼｶﾜｹﾝ,ﾉﾄﾁｮｳ,,
180009,中部地方,福井県,,ﾌｸｲｹﾝ,,,
182010,中部地方,福井県,福井市,ﾌｸｲｹﾝ,ﾌｸｲｼ,,
182028,中部地方,福井県,敦賀市,ﾌｸｲｹﾝ,ﾂﾙｶﾞｼ,,
182044,中部地方,福井県,小浜市,ﾌｸｲｹﾝ,ｵﾊﾞﾏｼ,,
182052,中部地方,福井県,大野市,ﾌｸｲｹﾝ,ｵｵﾉｼ,,
182061,中部地方,福井県,勝山市,ﾌｸｲｹﾝ,ｶﾂﾔﾏｼ,,
182079,中部地方,福井県,鯖江市,ﾌｸｲｹﾝ,ｻﾊﾞｴｼ,,
182087,中部地方,福井県,あわら市,ﾌｸｲｹﾝ,ｱﾜﾗｼ,,
182095,中部地方,福井県,越前市,ﾌｸｲｹﾝ,ｴﾁｾﾞﾝｼ,,
182109,中部地方,福井県,坂井市,ﾌｸｲｹﾝ,ｻｶｲｼ,,
183229,中部地方,福井県,永平寺町,ﾌｸｲｹﾝ,ｴｲﾍｲｼﾞﾁｮｳ,,
183822,中部地方,福井県,池田町,ﾌｸｲｹﾝ,ｲｹﾀﾞﾁｮｳ,,
184047,中部地方,福井県,南越前町,ﾌｸｲｹﾝ,ﾐﾅﾐｴﾁｾﾞﾝﾁｮｳ,,
184233,中部地方,福井県,越前町,ﾌｸｲｹﾝ,ｴﾁｾﾞﾝﾁｮｳ,,
184420,中部地方,福井県,美浜町,ﾌｸｲｹﾝ,ﾐﾊﾏﾁｮｳ,,
184811,中部地方,福井県,高浜町,ﾌｸｲｹﾝ,ﾀｶﾊﾏﾁｮｳ,,
184837,中部地方,福井県,おおい町,ﾌｸｲｹﾝ,ｵｵｲﾁｮｳ,,
185019,中部地方,福井県,若狭町,ﾌｸｲｹﾝ,ﾜｶｻﾁｮｳ,,
190004,中部地方,山梨県,,ﾔﾏﾅｼｹﾝ,,,
192015,中部地方,山梨県,甲府市,ﾔﾏﾅｼｹﾝ,ｺｳﾌｼ,,
192023,中部地方,山梨県,富士吉田市,ﾔﾏﾅｼｹﾝ,ﾌｼﾞﾖｼﾀﾞｼ,,
192040,中部地方,山梨県,都留市,ﾔﾏﾅｼｹﾝ,ﾂﾙｼ,,
192058,中部地方,山梨県,山梨市,ﾔﾏﾅｼｹﾝ,ﾔﾏﾅｼｼ,,
192066,中部地方,山梨県,大月市,ﾔﾏﾅｼｹﾝ,ｵｵﾂｷｼ,,
192074,中部地方,山梨県,韮崎市,ﾔﾏﾅｼｹﾝ,ﾆﾗｻｷｼ,,
192082,中部地方,山梨県,南アルプス市,ﾔﾏﾅｼｹﾝ,ﾐﾅﾐｱﾙﾌﾟｽｼ,,
192091,中部地方,山梨県,北杜市,ﾔﾏﾅｼｹﾝ,ﾎｸﾄｼ,,
192104,中部地方,山梨県,甲斐市,ﾔﾏﾅｼｹﾝ,ｶｲｼ,,
192112,中部地方,山梨県,笛吹市,ﾔﾏﾅｼｹﾝ,ﾌｴﾌｷｼ,,
192121,中部地方,山梨県,上野原市,ﾔﾏﾅｼｹﾝ,ｳｴﾉﾊﾗｼ,,
192139,中部地方,山梨県,甲州市,ﾔﾏﾅｼｹﾝ,ｺｳｼｭｳｼ,,
192147,中部地方,山梨県,中央市,ﾔﾏﾅｼｹﾝ,ﾁｭｳｵｳｼ,,
193461,中部地方,山梨県,市川三郷町,ﾔﾏﾅｼｹﾝ,ｲﾁｶﾜﾐｻﾄﾁｮｳ,,
193640,中部地方,山梨県,早川町,ﾔﾏﾅｼｹﾝ,ﾊﾔｶﾜﾁｮｳ,,
193658,中部地方,山梨県,身延町,ﾔﾏﾅｼｹﾝ,ﾐﾉﾌﾞﾁｮｳ,,
193666,中部地方,山梨県,南部町,ﾔﾏﾅｼｹﾝ,ﾅﾝﾌﾞﾁｮｳ,,
193682,中部地方,山梨県,富士川町,ﾔﾏﾅｼｹﾝ,ﾌｼﾞｶﾜﾁｮｳ,,
193844,中部地方,山梨県,昭和町,ﾔﾏﾅｼｹﾝ,ｼｮｳﾜﾁｮｳ,,
194221,中部地方,山梨県,道志村,ﾔﾏﾅｼｹﾝ,ﾄﾞｳｼﾑﾗ,,
194239,中部地方,山梨県,西桂町,ﾔﾏﾅｼｹﾝ,ﾆｼｶﾂﾗﾁｮｳ,,
194247,中部地方,山梨県,忍野村,ﾔﾏﾅｼｹﾝ,ｵｼﾉﾑﾗ,,
194255,中部地方,山梨県,山中湖村,ﾔﾏﾅｼｹﾝ,ﾔﾏﾅｶｺﾑﾗ,,
194298,中部地方,山梨県,鳴沢村,ﾔﾏﾅｼｹﾝ,ﾅﾙｻﾜﾑﾗ,,
194301,中部地方,山梨県,富士河口湖町,ﾔﾏﾅｼｹﾝ,ﾌｼﾞｶﾜｸﾞﾁｺﾏﾁ,,
194425,中部地方,山梨県,小菅村,ﾔﾏﾅｼｹﾝ,ｺｽｹﾞﾑﾗ,,
194433,中部地方,山梨県,丹波山村,ﾔﾏﾅｼｹﾝ,ﾀﾊﾞﾔﾏﾑﾗ,,
200000,中部地方,長野県,,ﾅｶﾞﾉｹﾝ,,,
202011,中部地方,長野県,長野市,ﾅｶﾞﾉｹﾝ,ﾅｶﾞﾉｼ,,
202029,中部地方,長野県,松本市,ﾅｶﾞﾉｹﾝ,ﾏﾂﾓﾄｼ,,
202037,中部地方,長野県,上田市,ﾅｶﾞﾉｹﾝ,ｳｴﾀﾞｼ,,
202045,中部地方,長野県,岡谷市,ﾅｶﾞﾉｹﾝ,ｵｶﾔｼ,,
202053,中部地方,長野県,飯田市,ﾅｶﾞﾉｹﾝ,ｲｲﾀﾞｼ,,
202061,中部地方,長野県,諏訪市,ﾅｶﾞﾉｹﾝ,ｽﾜｼ,,
202070,中部地方,長野県,須坂市,ﾅｶﾞﾉｹﾝ,ｽｻﾞｶｼ,,
202088,中部地方,長野県,小諸市,ﾅｶﾞﾉｹﾝ,ｺﾓﾛｼ,,
202096,中部地方,長野県,伊那市,ﾅｶﾞﾉｹﾝ,ｲﾅｼ,,
202100,中部地方,長野県,駒ヶ根市,ﾅｶﾞﾉｹﾝ,ｺﾏｶﾞﾈｼ,,
202118,中部地方,長野県,中野市,ﾅｶﾞﾉｹﾝ,ﾅｶﾉｼ,,
202126,中部地方,長野県,大町市,ﾅｶﾞﾉｹﾝ,ｵｵﾏﾁｼ,,
202134,中部地方,長野県,飯山市,ﾅｶﾞﾉｹﾝ,ｲｲﾔﾏｼ,,
202142,中部地方,長野県,茅野市,ﾅｶﾞﾉｹﾝ,ﾁﾉｼ,,
202151,中部地方,長野県,塩尻市,ﾅｶﾞﾉｹﾝ,ｼｵｼﾞﾘｼ,,
202177,中部地方,長野県,佐久市,ﾅｶﾞﾉｹﾝ,ｻｸｼ,,
202185,中部地方,長野県,千曲市,ﾅｶﾞﾉｹﾝ,ﾁｸﾏｼ,,
202193,中部地方,長野県,東御市,ﾅｶﾞﾉｹﾝ,ﾄｳﾐｼ,,
202207,中部地方,長野県,安曇野市,ﾅｶﾞﾉｹﾝ,ｱﾂﾞﾐﾉｼ,,
203033,中部地方,長野県,小海町,ﾅｶﾞﾉｹﾝ,ｺｳﾐﾏﾁ,,
203041,中部地方,長野県,川上村,ﾅｶﾞﾉｹﾝ,ｶﾜｶﾐﾑﾗ,,
203050,中部地方,長野県,南牧村,ﾅｶﾞﾉｹﾝ,ﾐﾅﾐﾏｷﾑﾗ,,
203068,中部地方,長野県,南相木村,ﾅｶﾞﾉｹﾝ,ﾐﾅﾐｱｲｷﾑﾗ,,
203076,中部地方,長野県,北相木村,ﾅｶﾞﾉｹﾝ,ｷﾀｱｲｷﾑﾗ,,
203092,中部地方,長野県,佐久穂町,ﾅｶﾞﾉｹﾝ,ｻｸﾎﾏﾁ,,
203211,中部地方,長野県,軽井沢町,ﾅｶﾞﾉｹﾝ,ｶﾙｲｻﾞﾜﾏﾁ,,
203238,中部地方,長野県,御代田町,ﾅｶﾞﾉｹﾝ,ﾐﾖﾀﾏﾁ,,
203246,中部地方,長野県,立科町,ﾅｶﾞﾉｹﾝ,ﾀﾃｼﾅﾏﾁ,,
203491,中部地方,長野県,青木村,ﾅｶﾞﾉｹﾝ,ｱｵｷﾑﾗ,,
203505,中部地方,長野県,長和町,ﾅｶﾞﾉｹﾝ,ﾅｶﾞﾜﾏﾁ,,
203611,中部地方,長野県,下諏訪町,ﾅｶﾞﾉｹﾝ,ｼﾓｽﾜﾏﾁ,,
203629,中部地方,長野県,富士見町,ﾅｶﾞﾉｹﾝ,ﾌｼﾞﾐﾏﾁ,,
203637,中部地方,長野県,原村,ﾅｶﾞﾉｹﾝ,ﾊﾗﾑﾗ,,
203823,中部地方,長野県,辰野町,ﾅｶﾞﾉｹﾝ,ﾀﾂﾉﾏﾁ,,
203831,中部地方,長野県,箕輪町,ﾅｶﾞﾉｹﾝ,ﾐﾉﾜﾏﾁ,,
203840,中部地方,長野県,飯島町,ﾅｶﾞﾉｹﾝ,ｲｲｼﾞﾏﾏﾁ,,
203858,中部地方,長野県,南箕輪村,ﾅｶﾞﾉｹﾝ,ﾐﾅﾐﾐﾉﾜﾑﾗ,,
203866,中部地方,長野県,中川村,ﾅｶﾞﾉｹﾝ,ﾅｶｶﾞﾜﾑﾗ,,
203882,中部地方,長野県,宮田村,ﾅｶﾞﾉｹﾝ,ﾐﾔﾀﾞﾑﾗ,,
204021,中部地方,長野県,松川町,ﾅｶﾞﾉｹﾝ,ﾏﾂｶﾜﾏﾁ,,
204030,中部地方,長野県,高森町,ﾅｶﾞﾉｹﾝ,ﾀｶﾓﾘﾏﾁ,,
204048,中部地方,長野県,阿南町,ﾅｶﾞﾉｹﾝ,ｱﾅﾝﾁｮｳ,,
204072,中部地方,長野県,阿智村,ﾅｶﾞﾉｹﾝ,ｱﾁﾑﾗ,,
204099,中部地方,長野県,平谷村,ﾅｶﾞﾉｹﾝ,ﾋﾗﾔﾑﾗ,,
204102,中部地方,長野県,根羽村,ﾅｶﾞﾉｹﾝ,ﾈﾊﾞﾑﾗ,,
204111,中部地方,長野県,下條村,ﾅｶﾞﾉｹﾝ,ｼﾓｼﾞｮｳﾑﾗ,,
204129,中部地方,長野県,売木村,ﾅｶﾞﾉｹﾝ,ｳﾙｷﾞﾑﾗ,,
204137,中部地方,長野県,天龍村,ﾅｶﾞﾉｹﾝ,ﾃﾝﾘｭｳﾑﾗ,,
204145,中部地方,長野県,泰阜村,ﾅｶﾞﾉｹﾝ,ﾔｽｵｶﾑﾗ,,
204153,中部地方,長野県,喬木村,ﾅｶﾞﾉｹﾝ,ﾀｶｷﾞﾑﾗ,,
204161,中部地方,長野県,豊丘村,ﾅｶﾞﾉｹﾝ,ﾄﾖｵｶﾑﾗ,,
204170,中部地方,長野県,大鹿村,ﾅｶﾞﾉｹﾝ,ｵｵｼｶﾑﾗ,,
204226,中部地方,長野県,上松町,ﾅｶﾞﾉｹﾝ,ｱｹﾞﾏﾂﾏﾁ,,
204234,中部地方,長野県,南木曽町,ﾅｶﾞﾉｹﾝ,ﾅｷﾞｿﾏﾁ,,
204251,中部地方,長野県,木祖村,ﾅｶﾞﾉｹﾝ,ｷｿﾑﾗ,,
204293,中部地方,長野県,王滝村,ﾅｶﾞﾉｹﾝ,ｵｳﾀｷﾑﾗ,,
204307,中部地方,長野県,大桑村,ﾅｶﾞﾉｹﾝ,ｵｵｸﾜﾑﾗ,,
204323,中部地方,長野県,木曽町,ﾅｶﾞﾉｹﾝ,ｷｿﾏﾁ,,
204463,中部地方,長野県,麻績村,ﾅｶﾞﾉｹﾝ,ｵﾐﾑﾗ,,
204480,中部地方,長野県,生坂村,ﾅｶﾞﾉｹﾝ,ｲｸｻｶﾑﾗ,,
204501,中部地方,長野県,山形村,ﾅｶﾞﾉｹﾝ,ﾔﾏｶﾞﾀﾑﾗ,,
204510,中部地方,長野県,朝日村,ﾅｶﾞﾉｹﾝ,ｱｻﾋﾑﾗ,,
204528,中部地方,長野県,筑北村,ﾅｶﾞﾉｹﾝ,ﾁｸﾎｸﾑﾗ,,
204811,中部地方,長野県,池田町,ﾅｶﾞﾉｹﾝ,ｲｹﾀﾞﾏﾁ,,
204820,中部地方,長野県,松川村,ﾅｶﾞﾉｹﾝ,ﾏﾂｶﾜﾑﾗ,,
204854,中部地方,長野県,白馬村,ﾅｶﾞﾉｹﾝ,ﾊｸﾊﾞﾑﾗ,,
204862,中部地方,長野県,小谷村,ﾅｶﾞﾉｹﾝ,ｵﾀﾘﾑﾗ,,
205214,中部地方,長野県,坂城町,ﾅｶﾞﾉｹﾝ,ｻｶｷﾏﾁ,,
205419,中部地方,長野県,小布施町,ﾅｶﾞﾉｹﾝ,ｵﾌﾞｾﾏﾁ,,
205435,中部地方,長野県,高山村,ﾅｶﾞﾉｹﾝ,ﾀｶﾔﾏﾑﾗ,,
205613,中部地方,長野県,山ノ内町,ﾅｶﾞﾉｹﾝ,ﾔﾏﾉｳﾁﾏﾁ,,
205621,中部地方,長野県,木島平村,ﾅｶﾞﾉｹﾝ,ｷｼﾞﾏﾀﾞｲﾗﾑﾗ,,
205630,中部地方,長野県,野沢温泉村,ﾅｶﾞﾉｹﾝ,ﾉｻﾞﾜｵﾝｾﾝﾑﾗ,,
205834,中部地方,長野県,信濃町,ﾅｶﾞﾉｹﾝ,ｼﾅﾉﾏﾁ,,
205885,中部地方,長野県,小川村,ﾅｶﾞﾉｹﾝ,ｵｶﾞﾜﾑﾗ,,
205907,中部地方,長野県,飯綱町,ﾅｶﾞﾉｹﾝ,ｲｲﾂﾞﾅﾏﾁ,,
206024,中部地方,長野県,栄村,ﾅｶﾞﾉｹﾝ,ｻｶｴﾑﾗ,,
210005,中部地方,岐阜県,,ｷﾞﾌｹﾝ,,,
212016,中部地方,岐阜県,岐阜市,ｷﾞﾌｹﾝ,ｷﾞﾌｼ,,
212024,中部地方,岐阜県,大垣市,ｷﾞﾌｹﾝ,ｵｵｶﾞｷｼ,,
212032,中部地方,岐阜県,高山市,ｷﾞﾌｹﾝ,ﾀｶﾔﾏｼ,,
212041,中部地方,岐阜県,多治見市,ｷﾞﾌｹﾝ,ﾀｼﾞﾐｼ,,
212059,中部地方,岐阜県,関市,ｷﾞﾌｹﾝ,ｾｷｼ,,
212067,中部地方,岐阜県,中津川市,ｷﾞﾌｹﾝ,ﾅｶﾂｶﾞﾜｼ,,
212075,中部地方,岐阜県,美濃市,ｷﾞﾌｹﾝ,ﾐﾉｼ,,
212083,中部地方,岐阜県,瑞浪市,ｷﾞﾌｹﾝ,ﾐｽﾞﾅﾐｼ,,
212091,中部地方,岐阜県,羽島市,ｷﾞﾌｹﾝ,ﾊｼﾏｼ,,
212105,中部地方,岐阜県,恵那市,ｷﾞﾌｹﾝ,ｴﾅｼ,,
212113,中部地方,岐阜県,美濃加茂市,ｷﾞﾌｹﾝ,ﾐﾉｶﾓｼ,,
212121,中部地方,岐阜県,土岐市,ｷﾞﾌｹﾝ,ﾄｷｼ,,
212130,中部地方,岐阜県,各務原市,ｷﾞﾌｹﾝ,ｶｶﾐｶﾞﾊﾗｼ,,
212148,中部地方,岐阜県,可児市,ｷﾞﾌｹﾝ,ｶﾆｼ,,
212156,中部地方,岐阜県,山県市,ｷﾞﾌｹﾝ,ﾔﾏｶﾞﾀｼ,,
212164,中部地方,岐阜県,瑞穂市,ｷﾞﾌｹﾝ,ﾐｽﾞﾎｼ,,
212172,中部地方,岐阜県,飛騨市,ｷﾞﾌｹﾝ,ﾋﾀﾞｼ,,
212181,中部地方,岐阜県,本巣市,ｷﾞﾌｹﾝ,ﾓﾄｽｼ,,
212199,中部地方,岐阜県,郡上市,ｷﾞﾌｹﾝ,ｸﾞｼﾞｮｳｼ,,
212202,中部地方,岐阜県,下呂市,ｷﾞﾌｹﾝ,ｹﾞﾛｼ,,
212211,中部地方,岐阜県,海津市,ｷﾞﾌｹﾝ,ｶｲﾂﾞｼ,,
213021,中部地方,岐阜県,岐南町,ｷﾞﾌｹﾝ,ｷﾞﾅﾝﾁｮｳ,,
213039,中部地方,岐阜県,笠松町,ｷﾞﾌｹﾝ,ｶｻﾏﾂﾁｮｳ,,
213411,中部地方,岐阜県,養老町,ｷﾞﾌｹﾝ,ﾖｳﾛｳﾁｮｳ,,
213616,中部地方,岐阜県,垂井町,ｷﾞﾌｹﾝ,ﾀﾙｲﾁｮｳ,,
213624,中部地方,岐阜県,関ケ原町,ｷﾞﾌｹﾝ,ｾｷｶﾞﾊﾗﾁｮｳ,,
213811,中部地方,岐阜県,神戸町,ｷﾞﾌｹﾝ,ｺﾞｳﾄﾞﾁｮｳ,,
213829,中部地方,岐阜県,輪之内町,ｷﾞﾌｹﾝ,ﾜﾉｳﾁﾁｮｳ,,
213837,中部地方,岐阜県,安八町,ｷﾞﾌｹﾝ,ｱﾝﾊﾟﾁﾁｮｳ,,
214019,中部地方,岐阜県,揖斐川町,ｷﾞﾌｹﾝ,ｲﾋﾞｶﾞﾜﾁｮｳ,,
214035,中部地方,岐阜県,大野町,ｷﾞﾌｹﾝ,ｵｵﾉﾁｮｳ,,
214043,中部地方,岐阜県,池田町,ｷﾞﾌｹﾝ,ｲｹﾀﾞﾁｮｳ,,
214213,中部地方,岐阜県,北方町,ｷﾞﾌｹﾝ,ｷﾀｶﾞﾀﾁｮｳ,,
215015,中部地方,岐阜県,坂祝町,ｷﾞﾌｹﾝ,ｻｶﾎｷﾞﾁｮｳ,,
215023,中部地方,岐阜県,富加町,ｷﾞﾌｹﾝ,ﾄﾐｶﾁｮｳ,,
215031,中部地方,岐阜県,川辺町,ｷﾞﾌｹﾝ,ｶﾜﾍﾞﾁｮｳ,,
215040,中部地方,岐阜県,七宗町,ｷﾞﾌｹﾝ,ﾋﾁｿｳﾁｮｳ,,
215058,中部地方,岐阜県,八百津町,ｷﾞﾌｹﾝ,ﾔｵﾂﾁｮｳ,,
215066,中部地方,岐阜県,白川町,ｷﾞﾌｹﾝ,ｼﾗｶﾜﾁｮｳ,,
215074,中部地方,岐阜県,東白川村,ｷﾞﾌｹﾝ,ﾋｶﾞｼｼﾗｶﾜﾑﾗ,,
215210,中部地方,岐阜県,御嵩町,ｷﾞﾌｹﾝ,ﾐﾀｹﾁｮｳ,,
216046,中部地方,岐阜県,白川村,ｷﾞﾌｹﾝ,ｼﾗｶﾜﾑﾗ,,
220001,中部地方,静岡県,,ｼｽﾞｵｶｹﾝ,,,
221007,中部地方,静岡県,静岡市,ｼｽﾞｵｶｹﾝ,ｼｽﾞｵｶｼ,,
221309,中部地方,静岡県,浜松市,ｼｽﾞｵｶｹﾝ,ﾊﾏﾏﾂｼ,,
222038,中部地方,静岡県,沼津市,ｼｽﾞｵｶｹﾝ,ﾇﾏﾂﾞｼ,,
222054,中部地方,静岡県,熱海市,ｼｽﾞｵｶｹﾝ,ｱﾀﾐｼ,,
222062,中部地方,静岡県,三島市,ｼｽﾞｵｶｹﾝ,ﾐｼﾏｼ,,
222071,中部地方,静岡県,富士宮市,ｼｽﾞｵｶｹﾝ,ﾌｼﾞﾉﾐﾔｼ,,
222089,中部地方,静岡県,伊東市,ｼｽﾞｵｶｹﾝ,ｲﾄｳｼ,,
222097,中部地方,静岡県,島田市,ｼｽﾞｵｶｹﾝ,ｼﾏﾀﾞｼ,,
222101,中部地方,静岡県,富士市,ｼｽﾞｵｶｹﾝ,ﾌｼﾞｼ,,
222119,中部地方,静岡県,磐田市,ｼｽﾞｵｶｹﾝ,ｲﾜﾀｼ,,
222127,中部地方,静岡県,焼津市,ｼｽﾞｵｶｹﾝ,ﾔｲﾂﾞｼ,,
222135,中部地方,静岡県,掛川市,ｼｽﾞｵｶｹﾝ,ｶｹｶﾞﾜｼ,,
222143,中部地方,静岡県,藤枝市,ｼｽﾞｵｶｹﾝ,ﾌｼﾞｴﾀﾞｼ,,
222151,中部地方,静岡県,御殿場市,ｼｽﾞｵｶｹﾝ,ｺﾞﾃﾝﾊﾞｼ,,
222160,中部地方,静岡県,袋井市,ｼｽﾞｵｶｹﾝ,ﾌｸﾛｲｼ,,
222194,中部地方,静岡県,下田市,ｼｽﾞｵｶｹﾝ,ｼﾓﾀﾞｼ,,
222208,中部地方,静岡県,裾野市,ｼｽﾞｵｶｹﾝ,ｽｿﾉｼ,,
222216,中部地方,静岡県,湖西市,ｼｽﾞｵｶｹﾝ,ｺｻｲｼ,,
222224,中部地方,静岡県,伊豆市,ｼｽﾞｵｶｹﾝ,ｲｽﾞｼ,,
222232,中部地方,静岡県,御前崎市,ｼｽﾞｵｶｹﾝ,ｵﾏｴｻﾞｷｼ,,
222241,中部地方,静岡県,菊川市,ｼｽﾞｵｶｹﾝ,ｷｸｶﾞﾜｼ,,
222259,中部地方,静岡県,伊豆の国市,ｼｽﾞｵｶｹﾝ,ｲｽﾞﾉｸﾆｼ,,
222267,中部地方,静岡県,牧之原市,ｼｽﾞｵｶｹﾝ,ﾏｷﾉﾊﾗｼ,,
223018,中部地方,静岡県,東伊豆町,ｼｽﾞｵｶｹﾝ,ﾋｶﾞｼｲｽﾞﾁｮｳ,,
223026,中部地方,静岡県,河津町,ｼｽﾞｵｶｹﾝ,ｶﾜﾂﾞﾁｮｳ,,
223042,中部地方,静岡県,南伊豆町,ｼｽﾞｵｶｹﾝ,ﾐﾅﾐｲｽﾞﾁｮｳ,,
223051,中部地方,静岡県,松崎町,ｼｽﾞｵｶｹﾝ,ﾏﾂｻﾞｷﾁｮｳ,,
223069,中部地方,静岡県,西伊豆町,ｼｽﾞｵｶｹﾝ,ﾆｼｲｽﾞﾁｮｳ,,
223255,中部地方,静岡県,函南町,ｼｽﾞｵｶｹﾝ,ｶﾝﾅﾐﾁｮｳ,,
223417,中部地方,静岡県,清水町,ｼｽﾞｵｶｹﾝ,ｼﾐｽﾞﾁｮｳ,,
223425,中部地方,静岡県,長泉町,ｼｽﾞｵｶｹﾝ,ﾅｶﾞｲｽﾞﾐﾁｮｳ,,
223441,中部地方,静岡県,小山町,ｼｽﾞｵｶｹﾝ,ｵﾔﾏﾁｮｳ,,
224243,中部地方,静岡県,吉田町,ｼｽﾞｵｶｹﾝ,ﾖｼﾀﾞﾁｮｳ,,
224294,中部地方,静岡県,川根本町,ｼｽﾞｵｶｹﾝ,ｶﾜﾈﾎﾝﾁｮｳ,,
224618,中部地方,静岡県,森町,ｼｽﾞｵｶｹﾝ,ﾓﾘﾏﾁ,,
230006,中部地方,愛知県,,ｱｲﾁｹﾝ,,,
231002,中部地方,愛知県,名古屋市,ｱｲﾁｹﾝ,ﾅｺﾞﾔｼ,,
232017,中部地方,愛知県,豊橋市,ｱｲﾁｹﾝ,ﾄﾖﾊｼｼ,,
232025,中部地方,愛知県,岡崎市,ｱｲﾁｹﾝ,ｵｶｻﾞｷｼ,,
232033,中部地方,愛知県,一宮市,ｱｲﾁｹﾝ,ｲﾁﾉﾐﾔｼ,,
232041,中部地方,愛知県,瀬戸市,ｱｲﾁｹﾝ,ｾﾄｼ,,
232050,中部地方,愛知県,半田市,ｱｲﾁｹﾝ,ﾊﾝﾀﾞｼ,,
232068,中部地方,愛知県,春日井市,ｱｲﾁｹﾝ,ｶｽｶﾞｲｼ,,
232076,中部地方,愛知県,豊川市,ｱｲﾁｹﾝ,ﾄﾖｶﾜｼ,,
232084,中部地方,愛知県,津島市,ｱｲﾁｹﾝ,ﾂｼﾏｼ,,
232092,中部地方,愛知県,碧南市,ｱｲﾁｹﾝ,ﾍｷﾅﾝｼ,,
232106,中部地方,愛知県,刈谷市,ｱｲﾁｹﾝ,ｶﾘﾔｼ,,
232114,中部地方,愛知県,豊田市,ｱｲﾁｹﾝ,ﾄﾖﾀｼ,,
232122,中部地方,愛知県,安城市,ｱｲﾁｹﾝ,ｱﾝｼﾞｮｳｼ,,
232131,中部地方,愛知県,西尾市,ｱｲﾁｹﾝ,ﾆｼｵｼ,,
232149,中部地方,愛知県,蒲郡市,ｱｲﾁｹﾝ,ｶﾞﾏｺﾞｵﾘｼ,,
232157,中部地方,愛知県,犬山市,ｱｲﾁｹﾝ,ｲﾇﾔﾏｼ,,
232165,中部地方,愛知県,常滑市,ｱｲﾁｹﾝ,ﾄｺﾅﾒｼ,,
232173,中部地方,愛知県,江南市,ｱｲﾁｹﾝ,ｺｳﾅﾝｼ,,
232190,中部地方,愛知県,小牧市,ｱｲﾁｹﾝ,ｺﾏｷｼ,,
232203,中部地方,愛知県,稲沢市,ｱｲﾁｹﾝ,ｲﾅｻﾞﾜｼ,,
232211,中部地方,愛知県,新城市,ｱｲﾁｹﾝ,ｼﾝｼﾛｼ,,
232220,中部地方,愛知県,東海市,ｱｲﾁｹﾝ,ﾄｳｶｲｼ,,
232238,中部地方,愛知県,大府市,ｱｲﾁｹﾝ,ｵｵﾌﾞｼ,,
232246,中部地方,愛知県,知多市,ｱｲﾁｹﾝ,ﾁﾀｼ,,
232254,中部地方,愛知県,知立市,ｱｲﾁｹﾝ,ﾁﾘｭｳｼ,,
232262,中部地方,愛知県,尾張旭市,ｱｲﾁｹﾝ,ｵﾜﾘｱｻﾋｼ,,
232271,中部地方,愛知県,高浜市,ｱｲﾁｹﾝ,ﾀｶﾊﾏｼ,,
232289,中部地方,愛知県,岩倉市,ｱｲﾁｹﾝ,ｲﾜｸﾗｼ,,
232297,中部地方,愛知県,豊明市,ｱｲﾁｹﾝ,ﾄﾖｱｹｼ,,
232301,中部地方,愛知県,日進市,ｱｲﾁｹﾝ,ﾆｯｼﾝｼ,,
232319,中部地方,愛知県,田原市,ｱｲﾁｹﾝ,ﾀﾊﾗｼ,,
232327,中部地方,愛知県,愛西市,ｱｲﾁｹﾝ,ｱｲｻｲｼ,,
232335,中部地方,愛知県,清須市,ｱｲﾁｹﾝ,ｷﾖｽｼ,,
232343,中部地方,愛知県,北名古屋市,ｱｲﾁｹﾝ,ｷﾀﾅｺﾞﾔｼ,,
232351,中部地方,愛知県,弥富市,ｱｲﾁｹﾝ,ﾔﾄﾐｼ,,
232360,中部地方,愛知県,みよし市,ｱｲﾁｹﾝ,ﾐﾖｼｼ,,
232378,中部地方,愛知県,あま市,ｱｲﾁｹﾝ,ｱﾏｼ,,
232386,中部地方,愛知県,長久手市,ｱｲﾁｹﾝ,ﾅｶﾞｸﾃｼ,,
233021,中部地方,愛知県,東郷町,ｱｲﾁｹﾝ,ﾄｳｺﾞｳﾁｮｳ,,
233421,中部地方,愛知県,豊山町,ｱｲﾁｹﾝ,ﾄﾖﾔﾏﾁｮｳ,,
233617,中部地方,愛知県,大口町,ｱｲﾁｹﾝ,ｵｵｸﾞﾁﾁｮｳ,,
233625,中部地方,愛知県,扶桑町,ｱｲﾁｹﾝ,ﾌｿｳﾁｮｳ,,
234249,中部地方,愛知県,大治町,ｱｲﾁｹﾝ,ｵｵﾊﾙﾁｮｳ,,
234257,中部地方,愛知県,蟹江町,ｱｲﾁｹﾝ,ｶﾆｴﾁｮｳ,,
234273,中部地方,愛知県,飛島村,ｱｲﾁｹﾝ,ﾄﾋﾞｼﾏﾑﾗ,,
234419,中部地方,愛知県,阿久比町,ｱｲﾁｹﾝ,ｱｸﾞｲﾁｮｳ,,
234427,中部地方,愛知県,東浦町,ｱｲﾁｹﾝ,ﾋｶﾞｼｳﾗﾁｮｳ,,
234451,中部地方,愛知県,南知多町,ｱｲﾁｹﾝ,ﾐﾅﾐﾁﾀﾁｮｳ,,
234460,中部地方,愛知県,美浜町,ｱｲﾁｹﾝ,ﾐﾊﾏﾁｮｳ,,
234478,中部地方,愛知県,武豊町,ｱｲﾁｹﾝ,ﾀｹﾄﾖﾁｮｳ,,
235016,中部地方,愛知県,幸田町,ｱｲﾁｹﾝ,ｺｳﾀﾁｮｳ,,
235610,中部地方,愛知県,設楽町,ｱｲﾁｹﾝ,ｼﾀﾗﾁｮｳ,,
235628,中部地方,愛知県,東栄町,ｱｲﾁｹﾝ,ﾄｳｴｲﾁｮｳ,,
235636,中部地方,愛知県,豊根村,ｱｲﾁｹﾝ,ﾄﾖﾈﾑﾗ,,
240001,近畿地方,三重県,,ﾐｴｹﾝ,,,
242012,近畿地方,三重県,津市,ﾐｴｹﾝ,ﾂｼ,,
242021,近畿地方,三重県,四日市市,ﾐｴｹﾝ,ﾖｯｶｲﾁｼ,,
242039,近畿地方,三重県,伊勢市,ﾐｴｹﾝ,ｲｾｼ,,
242047,近畿地方,三重県,松阪市,ﾐｴｹﾝ,ﾏﾂｻｶｼ,,
242055,近畿地方,三重県,桑名市,ﾐｴｹﾝ,ｸﾜﾅｼ,,
242071,近畿地方,三重県,鈴鹿市,ﾐｴｹﾝ,ｽｽﾞｶｼ,,
242080,近畿地方,三重県,名張市,ﾐｴｹﾝ,ﾅﾊﾞﾘｼ,,
242098,近畿地方,三重県,尾鷲市,ﾐｴｹﾝ,ｵﾜｾｼ,,
242101,近畿地方,三重県,亀山市,ﾐｴｹﾝ,ｶﾒﾔﾏｼ,,
242110,近畿地方,三重県,鳥羽市,ﾐｴｹﾝ,ﾄﾊﾞｼ,,
242128,近畿地方,三重県,熊野市,ﾐｴｹﾝ,ｸﾏﾉｼ,,
242144,近畿地方,三重県,いなべ市,ﾐｴｹﾝ,ｲﾅﾍﾞｼ,,
242152,近畿地方,三重県,志摩市,ﾐｴｹﾝ,ｼﾏｼ,,
242161,近畿地方,三重県,伊賀市,ﾐｴｹﾝ,ｲｶﾞｼ,,
243035,近畿地方,三重県,木曽岬町,ﾐｴｹﾝ,ｷｿｻｷﾁｮｳ,,
243248,近畿地方,三重県,東員町,ﾐｴｹﾝ,ﾄｳｲﾝﾁｮｳ,,
243418,近畿地方,三重県,菰野町,ﾐｴｹﾝ,ｺﾓﾉﾁｮｳ,,
243434,近畿地方,三重県,朝日町,ﾐｴｹﾝ,ｱｻﾋﾁｮｳ,,
243442,近畿地方,三重県,川越町,ﾐｴｹﾝ,ｶﾜｺﾞｴﾁｮｳ,,
244414,近畿地方,三重県,多気町,ﾐｴｹﾝ,ﾀｷﾁｮｳ,,
244422,近畿地方,三重県,明和町,ﾐｴｹﾝ,ﾒｲﾜﾁｮｳ,,
244431,近畿地方,三重県,大台町,ﾐｴｹﾝ,ｵｵﾀﾞｲﾁｮｳ,,
244619,近畿地方,三重県,玉城町,ﾐｴｹﾝ,ﾀﾏｷﾁｮｳ,,
244708,近畿地方,三重県,度会町,ﾐｴｹﾝ,ﾜﾀﾗｲﾁｮｳ,,
244716,近畿地方,三重県,大紀町,ﾐｴｹﾝ,ﾀｲｷﾁｮｳ,,
244724,近畿地方,三重県,南伊勢町,ﾐｴｹﾝ,ﾐﾅﾐｲｾﾁｮｳ,,
245437,近畿地方,三重県,紀北町,ﾐｴｹﾝ,ｷﾎｸﾁｮｳ,,
245615,近畿地方,三重県,御浜町,ﾐｴｹﾝ,ﾐﾊﾏﾁｮｳ,,
245623,近畿地方,三重県,紀宝町,ﾐｴｹﾝ,ｷﾎｳﾁｮｳ,,
250007,近畿地方,滋賀県,,ｼｶﾞｹﾝ,,,
252018,近畿地方,滋賀県,大津市,ｼｶﾞｹﾝ,ｵｵﾂｼ,,
252026,近畿地方,滋賀県,彦根市,ｼｶﾞｹﾝ,ﾋｺﾈｼ,,
252034,近畿地方,滋賀県,長浜市,ｼｶﾞｹﾝ,ﾅｶﾞﾊﾏｼ,,
252042,近畿地方,滋賀県,近江八幡市,ｼｶﾞｹﾝ,ｵｳﾐﾊﾁﾏﾝｼ,,
252069,近畿地方,滋賀県,草津市,ｼｶﾞｹﾝ,ｸｻﾂｼ,,
252077,近畿地方,滋賀県,守山市,ｼｶﾞｹﾝ,ﾓﾘﾔﾏｼ,,
252085,近畿地方,滋賀県,栗東市,ｼｶﾞｹﾝ,ﾘｯﾄｳｼ,,
252093,近畿地方,滋賀県,甲賀市,ｼｶﾞｹﾝ,ｺｳｶｼ,,
252107,近畿地方,滋賀県,野洲市,ｼｶﾞｹﾝ,ﾔｽｼ,,
252115,近畿地方,滋賀県,湖南市,ｼｶﾞｹﾝ,ｺﾅﾝｼ,,
252123,近畿地方,滋賀県,高島市,ｼｶﾞｹﾝ,ﾀｶｼﾏｼ,,
252131,近畿地方,滋賀県,東近江市,ｼｶﾞｹﾝ,ﾋｶﾞｼｵｳﾐｼ,,
252140,近畿地方,滋賀県,米原市,ｼｶﾞｹﾝ,ﾏｲﾊﾞﾗｼ,,
253839,近畿地方,滋賀県,日野町,ｼｶﾞｹﾝ,ﾋﾉﾁｮｳ,,
253847,近畿地方,滋賀県,竜王町,ｼｶﾞｹﾝ,ﾘﾕｳｵｳﾁｮｳ,,
254258,近畿地方,滋賀県,愛荘町,ｼｶﾞｹﾝ,ｱｲｼｮｳﾁｮｳ,,
254410,近畿地方,滋賀県,豊郷町,ｼｶﾞｹﾝ,ﾄﾖｻﾄﾁｮｳ,,
254428,近畿地方,滋賀県,甲良町,ｼｶﾞｹﾝ,ｺｳﾗﾁｮｳ,,
254436,近畿地方,滋賀県,多賀町,ｼｶﾞｹﾝ,ﾀｶﾞﾁｮｳ,,
260002,近畿地方,京都府,,ｷｮｳﾄﾌ,,,
261009,近畿地方,京都府,京都市,ｷｮｳﾄﾌ,ｷｮｳﾄｼ,,
262013,近畿地方,京都府,福知山市,ｷｮｳﾄﾌ,ﾌｸﾁﾔﾏｼ,,
262021,近畿地方,京都府,舞鶴市,ｷｮｳﾄﾌ,ﾏｲﾂﾞﾙｼ,,
262030,近畿地方,京都府,綾部市,ｷｮｳﾄﾌ,ｱﾔﾍﾞｼ,,
262048,近畿地方,京都府,宇治市,ｷｮｳﾄﾌ,ｳｼﾞｼ,,
262056,近畿地方,京都府,宮津市,ｷｮｳﾄﾌ,ﾐﾔﾂﾞｼ,,
262064,近畿地方,京都府,亀岡市,ｷｮｳﾄﾌ,ｶﾒｵｶｼ,,
262072,近畿地方,京都府,城陽市,ｷｮｳﾄﾌ,ｼﾞｮｳﾖｳｼ,,
262081,近畿地方,京都府,向日市,ｷｮｳﾄﾌ,ﾑｺｳｼ,,
262099,近畿地方,京都府,長岡京市,ｷｮｳﾄﾌ,ﾅｶﾞｵｶｷｮｳｼ,,
262102,近畿地方,京都府,八幡市,ｷｮｳﾄﾌ,ﾔﾜﾀｼ,,
262111,近畿地方,京都府,京田辺市,ｷｮｳﾄﾌ,ｷｮｳﾀﾅﾍﾞｼ,,
262129,近畿地方,京都府,京丹後市,ｷｮｳﾄﾌ,ｷｮｳﾀﾝｺﾞｼ,,
262137,近畿地方,京都府,南丹市,ｷｮｳﾄﾌ,ﾅﾝﾀﾝｼ,,
262145,近畿地方,京都府,木津川市,ｷｮｳﾄﾌ,ｷﾂﾞｶﾞﾜｼ,,
263036,近畿地方,京都府,大山崎町,ｷｮｳﾄﾌ,ｵｵﾔﾏｻﾞｷﾁｮｳ,,
263222,近畿地方,京都府,久御山町,ｷｮｳﾄﾌ,ｸﾐﾔﾏﾁｮｳ,,
263435,近畿地方,京都府,井手町,ｷｮｳﾄﾌ,ｲﾃﾞﾁｮｳ,,
263443,近畿地方,京都府,宇治田原町,ｷｮｳﾄﾌ,ｳｼﾞﾀﾜﾗﾁｮｳ,,
263648,近畿地方,京都府,笠置町,ｷｮｳﾄﾌ,ｶｻｷﾞﾁｮｳ,,
263656,近畿地方,京都府,和束町,ｷｮｳﾄﾌ,ﾜﾂﾞｶﾁｮｳ,,
263664,近畿地方,京都府,精華町,ｷｮｳﾄﾌ,ｾｲｶﾁｮｳ,,
263672,近畿地方,京都府,南山城村,ｷｮｳﾄﾌ,ﾐﾅﾐﾔﾏｼﾛﾑﾗ,,
264075,近畿地方,京都府,京丹波町,ｷｮｳﾄﾌ,ｷｮｳﾀﾝﾊﾞﾁｮｳ,,
264636,近畿地方,京都府,伊根町,ｷｮｳﾄﾌ,ｲﾈﾁｮｳ,,
264652,近畿地方,京都府,与謝野町,ｷｮｳﾄﾌ,ﾖｻﾉﾁｮｳ,,
270008,近畿地方,大阪府,,ｵｵｻｶﾌ,,,
271004,近畿地方,大阪府,大阪市,ｵｵｻｶﾌ,ｵｵｻｶｼ,,
271403,近畿地方,大阪府,堺市,ｵｵｻｶﾌ,ｻｶｲｼ,,
272027,近畿地方,大阪府,岸和田市,ｵｵｻｶﾌ,ｷｼﾜﾀﾞｼ,,
272035,近畿地方,大阪府,豊中市,ｵｵｻｶﾌ,ﾄﾖﾅｶｼ,,
272043,近畿地方,大阪府,池田市,ｵｵｻｶﾌ,ｲｹﾀﾞｼ,,
272051,近畿地方,大阪府,吹田市,ｵｵｻｶﾌ,ｽｲﾀｼ,,
272060,近畿地方,大阪府,泉大津市,ｵｵｻｶﾌ,ｲｽﾞﾐｵｵﾂｼ,,
272078,近畿地方,大阪府,高槻市,ｵｵｻｶﾌ,ﾀｶﾂｷｼ,,
272086,近畿地方,大阪府,貝塚市,ｵｵｻｶﾌ,ｶｲﾂﾞｶｼ,,
272094,近畿地方,大阪府,守口市,ｵｵｻｶﾌ,ﾓﾘｸﾞﾁｼ,,
272108,近畿地方,大阪府,枚方市,ｵｵｻｶﾌ,ﾋﾗｶﾀｼ,,
272116,近畿地方,大阪府,茨木市,ｵｵｻｶﾌ,ｲﾊﾞﾗｷｼ,,
272124,近畿地方,大阪府,八尾市,ｵｵｻｶﾌ,ﾔｵｼ,,
272132,近畿地方,大阪府,泉佐野市,ｵｵｻｶﾌ,ｲｽﾞﾐｻﾉｼ,,
272141,近畿地方,大阪府,富田林市,ｵｵｻｶﾌ,ﾄﾝﾀﾞﾊﾞﾔｼｼ,,
272159,近畿地方,大阪府,寝屋川市,ｵｵｻｶﾌ,ﾈﾔｶﾞﾜｼ,,
272167,近畿地方,大阪府,河内長野市,ｵｵｻｶﾌ,ｶﾜﾁﾅｶﾞﾉｼ,,
272175,近畿地方,大阪府,松原市,ｵｵｻｶﾌ,ﾏﾂﾊﾞﾗｼ,,
272183,近畿地方,大阪府,大東市,ｵｵｻｶﾌ,ﾀﾞｲﾄｳｼ,,
272191,近畿地方,大阪府,和泉市,ｵｵｻｶﾌ,ｲｽﾞﾐｼ,,
272205,近畿地方,大阪府,箕面市,ｵｵｻｶﾌ,ﾐﾉｵｼ,,
272213,近畿地方,大阪府,柏原市,ｵｵｻｶﾌ,ｶｼﾜﾗｼ,,
272221,近畿地方,大阪府,羽曳野市,ｵｵｻｶﾌ,ﾊﾋﾞｷﾉｼ,,
272230,近畿地方,大阪府,門真市,ｵｵｻｶﾌ,ｶﾄﾞﾏｼ,,
272248,近畿地方,大阪府,摂津市,ｵｵｻｶﾌ,ｾｯﾂｼ,,
272256,近畿地方,大阪府,高石市,ｵｵｻｶﾌ,ﾀｶｲｼｼ,,
272264,近畿地方,大阪府,藤井寺市,ｵｵｻｶﾌ,ﾌｼﾞｲﾃﾞﾗｼ,,
272272,近畿地方,大阪府,東大阪市,ｵｵｻｶﾌ,ﾋｶﾞｼｵｵｻｶｼ,,
272281,近畿地方,大阪府,泉南市,ｵｵｻｶﾌ,ｾﾝﾅﾝｼ,,
272299,近畿地方,大阪府,四條畷市,ｵｵｻｶﾌ,ｼｼﾞﾖｳﾅﾜﾃｼ,,
272302,近畿地方,大阪府,交野市,ｵｵｻｶﾌ,ｶﾀﾉｼ,,
272311,近畿地方,大阪府,大阪狭山市,ｵｵｻｶﾌ,ｵｵｻｶｻﾔﾏｼ,,
272329,近畿地方,大阪府,阪南市,ｵｵｻｶﾌ,ﾊﾝﾅﾝｼ,,
273015,近畿地方,大阪府,島本町,ｵｵｻｶﾌ,ｼﾏﾓﾄﾁｮｳ,,
273210,近畿地方,大阪府,豊能町,ｵｵｻｶﾌ,ﾄﾖﾉﾁｮｳ,,
273228,近畿地方,大阪府,能勢町,ｵｵｻｶﾌ,ﾉｾﾁｮｳ,,
273414,近畿地方,大阪府,忠岡町,ｵｵｻｶﾌ,ﾀﾀﾞｵｶﾁｮｳ,,
273619,近畿地方,大阪府,熊取町,ｵｵｻｶﾌ,ｸﾏﾄﾘﾁｮｳ,,
273627,近畿地方,大阪府,田尻町,ｵｵｻｶﾌ,ﾀｼﾞﾘﾁｮｳ,,
273660,近畿地方,大阪府,岬町,ｵｵｻｶﾌ,ﾐｻｷﾁｮｳ,,
273813,近畿地方,大阪府,太子町,ｵｵｻｶﾌ,ﾀｲｼﾁｮｳ,,
273821,近畿地方,大阪府,河南町,ｵｵｻｶﾌ,ｶﾅﾝﾁｮｳ,,
273830,近畿地方,大阪府,千早赤阪村,ｵｵｻｶﾌ,ﾁﾊﾔｱｶｻｶﾑﾗ,,
280003,近畿地方,兵庫県,,ﾋｮｳｺﾞｹﾝ,,,
281000,近畿地方,兵庫県,神戸市,ﾋｮｳｺﾞｹﾝ,ｺｳﾍﾞｼ,,
282014,近畿地方,兵庫県,姫路市,ﾋｮｳｺﾞｹﾝ,ﾋﾒｼﾞｼ,,
282022,近畿地方,兵庫県,尼崎市,ﾋｮｳｺﾞｹﾝ,ｱﾏｶﾞｻｷｼ,,
282031,近畿地方,兵庫県,明石市,ﾋｮｳｺﾞｹﾝ,ｱｶｼｼ,,
282049,近畿地方,兵庫県,西宮市,ﾋｮｳｺﾞｹﾝ,ﾆｼﾉﾐﾔｼ,,
282057,近畿地方,兵庫県,洲本市,ﾋｮｳｺﾞｹﾝ,ｽﾓﾄｼ,,
282065,近畿地方,兵庫県,芦屋市,ﾋｮｳｺﾞｹﾝ,ｱｼﾔｼ,,
282073,近畿地方,兵庫県,伊丹市,ﾋｮｳｺﾞｹﾝ,ｲﾀﾐｼ,,
282081,近畿地方,兵庫県,相生市,ﾋｮｳｺﾞｹﾝ,ｱｲｵｲｼ,,
282090,近畿地方,兵庫県,豊岡市,ﾋｮｳｺﾞｹﾝ,ﾄﾖｵｶｼ,,
282103,近畿地方,兵庫県,加古川市,ﾋｮｳｺﾞｹﾝ,ｶｺｶﾞﾜｼ,,
282120,近畿地方,兵庫県,赤穂市,ﾋｮｳｺﾞｹﾝ,ｱｺｳｼ,,
282138,近畿地方,兵庫県,西脇市,ﾋｮｳｺﾞｹﾝ,ﾆｼﾜｷｼ,,
282146,近畿地方,兵庫県,宝塚市,ﾋｮｳｺﾞｹﾝ,ﾀｶﾗﾂﾞｶｼ,,
282154,近畿地方,兵庫県,三木市,ﾋｮｳｺﾞｹﾝ,ﾐｷｼ,,
282162,近畿地方,兵庫県,高砂市,ﾋｮｳｺﾞｹﾝ,ﾀｶｻｺﾞｼ,,
282171,近畿地方,兵庫県,川西市,ﾋｮｳｺﾞｹﾝ,ｶﾜﾆｼｼ,,
282189,近畿地方,兵庫県,小野市,ﾋｮｳｺﾞｹﾝ,ｵﾉｼ,,
282197,近畿地方,兵庫県,三田市,ﾋｮｳｺﾞｹﾝ,ｻﾝﾀﾞｼ,,
282201,近畿地方,兵庫県,加西市,ﾋｮｳｺﾞｹﾝ,ｶｻｲｼ,,
282219,近畿地方,兵庫県,丹波篠山市,ﾋｮｳｺﾞｹﾝ,ﾀﾝﾊﾞｻｻﾔﾏｼ,,
282227,近畿地方,兵庫県,養父市,ﾋｮｳｺﾞｹﾝ,ﾔﾌﾞｼ,,
282235,近畿地方,兵庫県,丹波市,ﾋｮｳｺﾞｹﾝ,ﾀﾝﾊﾞｼ,,
282243,近畿地方,兵庫県,南あわじ市,ﾋｮｳｺﾞｹﾝ,ﾐﾅﾐｱﾜｼﾞｼ,,
282251,近畿地方,兵庫県,朝来市,ﾋｮｳｺﾞｹﾝ,ｱｻｺﾞｼ,,
282260,近畿地方,兵庫県,淡路市,ﾋｮｳｺﾞｹﾝ,ｱﾜｼﾞｼ,,
282278,近畿地方,兵庫県,宍粟市,ﾋｮｳｺﾞｹﾝ,ｼｿｳｼ,,
282286,近畿地方,兵庫県,加東市,ﾋｮｳｺﾞｹﾝ,ｶﾄｳｼ,,
282294,近畿地方,兵庫県,たつの市,ﾋｮｳｺﾞｹﾝ,ﾀﾂﾉｼ,,
283011,近畿地方,兵庫県,猪名川町,ﾋｮｳｺﾞｹﾝ,ｲﾅｶﾞﾜﾁｮｳ,,
283657,近畿地方,兵庫県,多可町,ﾋｮｳｺﾞｹﾝ,ﾀｶﾁｮｳ,,
283819,近畿地方,兵庫県,稲美町,ﾋｮｳｺﾞｹﾝ,ｲﾅﾐﾁｮｳ,,
283827,近畿地方,兵庫県,播磨町,ﾋｮｳｺﾞｹﾝ,ﾊﾘﾏﾁｮｳ,,
284424,近畿地方,兵庫県,市川町,ﾋｮｳｺﾞｹﾝ,ｲﾁｶﾜﾁｮｳ,,
284432,近畿地方,兵庫県,福崎町,ﾋｮｳｺﾞｹﾝ,ﾌｸｻｷﾁｮｳ,,
284467,近畿地方,兵庫県,神河町,ﾋｮｳｺﾞｹﾝ,ｶﾐｶﾜﾁｮｳ,,
284645,近畿地方,兵庫県,太子町,ﾋｮｳｺﾞｹﾝ,ﾀｲｼﾁｮｳ,,
284815,近畿地方,兵庫県,上郡町,ﾋｮｳｺﾞｹﾝ,ｶﾐｺﾞｵﾘﾁｮｳ,,
285013,近畿地方,兵庫県,佐用町,ﾋｮｳｺﾞｹﾝ,ｻﾖｳﾁｮｳ,,
285854,近畿地方,兵庫県,香美町,ﾋｮｳｺﾞｹﾝ,ｶﾐﾁｮｳ,,
285862,近畿地方,兵庫県,新温泉町,ﾋｮｳｺﾞｹﾝ,ｼﾝｵﾝｾﾝﾁｮｳ,,
290009,近畿地方,奈良県,,ﾅﾗｹﾝ,,,
292010,近畿地方,奈良県,奈良市,ﾅﾗｹﾝ,ﾅﾗｼ,,
292028,近畿地方,奈良県,大和高田市,ﾅﾗｹﾝ,ﾔﾏﾄﾀｶﾀﾞｼ,,
292036,近畿地方,奈良県,大和郡山市,ﾅﾗｹﾝ,ﾔﾏﾄｺｵﾘﾔﾏｼ,,
292044,近畿地方,奈良県,天理市,ﾅﾗｹﾝ,ﾃﾝﾘｼ,,
292052,近畿地方,奈良県,橿原市,ﾅﾗｹﾝ,ｶｼﾊﾗｼ,,
292061,近畿地方,奈良県,桜井市,ﾅﾗｹﾝ,ｻｸﾗｲｼ,,
292079,近畿地方,奈良県,五條市,ﾅﾗｹﾝ,ｺﾞｼﾞｮｳｼ,,
292087,近畿地方,奈良県,御所市,ﾅﾗｹﾝ,ｺﾞｾｼ,,
292095,近畿地方,奈良県,生駒市,ﾅﾗｹﾝ,ｲｺﾏｼ,,
292109,近畿地方,奈良県,香芝市,ﾅﾗｹﾝ,ｶｼﾊﾞｼ,,
292117,近畿地方,奈良県,葛城市,ﾅﾗｹﾝ,ｶﾂﾗｷﾞｼ,,
292125,近畿地方,奈良県,宇陀市,ﾅﾗｹﾝ,ｳﾀﾞｼ,,
293229,近畿地方,奈良県,山添村,ﾅﾗｹﾝ,ﾔﾏｿﾞｴﾑﾗ,,
293423,近畿地方,奈良県,平群町,ﾅﾗｹﾝ,ﾍｸﾞﾘﾁｮｳ,,
293431,近畿地方,奈良県,三郷町,ﾅﾗｹﾝ,ｻﾝｺﾞｳﾁｮｳ,,
293440,近畿地方,奈良県,斑鳩町,ﾅﾗｹﾝ,ｲｶﾙｶﾞﾁｮｳ,,
293458,近畿地方,奈良県,安堵町,ﾅﾗｹﾝ,ｱﾝﾄﾞﾁｮｳ,,
293610,近畿地方,奈良県,川西町,ﾅﾗｹﾝ,ｶﾜﾆｼﾁｮｳ,,
293628,近畿地方,奈良県,三宅町,ﾅﾗｹﾝ,ﾐﾔｹﾁｮｳ,,
293636,近畿地方,奈良県,田原本町,ﾅﾗｹﾝ,ﾀﾜﾗﾓﾄﾁｮｳ,,
293857,近畿地方,奈良県,曽爾村,ﾅﾗｹﾝ,ｿﾆﾑﾗ,,
293865,近畿地方,奈良県,御杖村,ﾅﾗｹﾝ,ﾐﾂｴﾑﾗ,,
294012,近畿地方,奈良県,高取町,ﾅﾗｹﾝ,ﾀｶﾄﾘﾁｮｳ,,
294021,近畿地方,奈良県,明日香村,ﾅﾗｹﾝ,ｱｽｶﾑﾗ,,
294241,近畿地方,奈良県,上牧町,ﾅﾗｹﾝ,ｶﾝﾏｷﾁｮｳ,,
294250,近畿地方,奈良県,王寺町,ﾅﾗｹﾝ,ｵｳｼﾞﾁｮｳ,,
294268,近畿地方,奈良県,広陵町,ﾅﾗｹﾝ,ｺｳﾘﾖｳﾁｮｳ,,
294276,近畿地方,奈良県,河合町,ﾅﾗｹﾝ,ｶﾜｲﾁｮｳ,,
294411,近畿地方,奈良県,吉野町,ﾅﾗｹﾝ,ﾖｼﾉﾁｮｳ,,
294420,近畿地方,奈良県,大淀町,ﾅﾗｹﾝ,ｵｵﾖﾄﾞﾁｮｳ,,
294438,近畿地方,奈良県,下市町,ﾅﾗｹﾝ,ｼﾓｲﾁﾁｮｳ,,
294446,近畿地方,奈良県,黒滝村,ﾅﾗｹﾝ,ｸﾛﾀｷﾑﾗ,,
294462,近畿地方,奈良県,天川村,ﾅﾗｹﾝ,ﾃﾝｶﾜﾑﾗ,,
294471,近畿地方,奈良県,野迫川村,ﾅﾗｹﾝ,ﾉｾｶﾞﾜﾑﾗ,,
294497,近畿地方,奈良県,十津川村,ﾅﾗｹﾝ,ﾄﾂｶﾜﾑﾗ,,
294501,近畿地方,奈良県,下北山村,ﾅﾗｹﾝ,ｼﾓｷﾀﾔﾏﾑﾗ,,
294519,近畿地方,奈良県,上北山村,ﾅﾗｹﾝ,ｶﾐｷﾀﾔﾏﾑﾗ,,
294527,近畿地方,奈良県,川上村,ﾅﾗｹﾝ,ｶﾜｶﾐﾑﾗ,,
294535,近畿地方,奈良県,東吉野村,ﾅﾗｹﾝ,ﾋｶﾞｼﾖｼﾉﾑﾗ,,
300004,近畿地方,和歌山県,,ﾜｶﾔﾏｹﾝ,,,
302015,近畿地方,和歌山県,和歌山市,ﾜｶﾔﾏｹﾝ,ﾜｶﾔﾏｼ,,
302023,近畿地方,和歌山県,海南市,ﾜｶﾔﾏｹﾝ,ｶｲﾅﾝｼ,,
302031,近畿地方,和歌山県,橋本市,ﾜｶﾔﾏｹﾝ,ﾊｼﾓﾄｼ,,
302040,近畿地方,和歌山県,有田市,ﾜｶﾔﾏｹﾝ,ｱﾘﾀﾞｼ,,
302058,近畿地方,和歌山県,御坊市,ﾜｶﾔﾏｹﾝ,ｺﾞﾎﾞｳｼ,,
302066,近畿地方,和歌山県,田辺市,ﾜｶﾔﾏｹﾝ,ﾀﾅﾍﾞｼ,,
302074,近畿地方,和歌山県,新宮市,ﾜｶﾔﾏｹﾝ,ｼﾝｸﾞｳｼ,,
302082,近畿地方,和歌山県,紀の川市,ﾜｶﾔﾏｹﾝ,ｷﾉｶﾜｼ,,
302091,近畿地方,和歌山県,岩出市,ﾜｶﾔﾏｹﾝ,ｲﾜﾃﾞｼ,,
303046,近畿地方,和歌山県,紀美野町,ﾜｶﾔﾏｹﾝ,ｷﾐﾉﾁｮｳ,,
303411,近畿地方,和歌山県,かつらぎ町,ﾜｶﾔﾏｹﾝ,ｶﾂﾗｷﾞﾁｮｳ,,
303437,近畿地方,和歌山県,九度山町,ﾜｶﾔﾏｹﾝ,ｸﾄﾞﾔﾏﾁｮｳ,,
303445,近畿地方,和歌山県,高野町,ﾜｶﾔﾏｹﾝ,ｺｳﾔﾁｮｳ,,
303615,近畿地方,和歌山県,湯浅町,ﾜｶﾔﾏｹﾝ,ﾕｱｻﾁｮｳ,,
303623,近畿地方,和歌山県,広川町,ﾜｶﾔﾏｹﾝ,ﾋﾛｶﾞﾜﾁｮｳ,,
303666,近畿地方,和歌山県,有田川町,ﾜｶﾔﾏｹﾝ,ｱﾘﾀﾞｶﾞﾜﾁｮｳ,,
303810,近畿地方,和歌山県,美浜町,ﾜｶﾔﾏｹﾝ,ﾐﾊﾏﾁｮｳ,,
303828,近畿地方,和歌山県,日高町,ﾜｶﾔﾏｹﾝ,ﾋﾀﾞｶﾁｮｳ,,
303836,近畿地方,和歌山県,由良町,ﾜｶﾔﾏｹﾝ,ﾕﾗﾁｮｳ,,
303909,近畿地方,和歌山県,印南町,ﾜｶﾔﾏｹﾝ,ｲﾅﾐﾁｮｳ,,
303917,近畿地方,和歌山県,みなべ町,ﾜｶﾔﾏｹﾝ,ﾐﾅﾍﾞﾁｮｳ,,
303925,近畿地方,和歌山県,日高川町,ﾜｶﾔﾏｹﾝ,ﾋﾀﾞｶｶﾞﾜﾁｮｳ,,
304018,近畿地方,和歌山県,白浜町,ﾜｶﾔﾏｹﾝ,ｼﾗﾊﾏﾁｮｳ,,
304042,近畿地方,和歌山県,上富田町,ﾜｶﾔﾏｹﾝ,ｶﾐﾄﾝﾀﾞﾁｮｳ,,
304069,近畿地方,和歌山県,すさみ町,ﾜｶﾔﾏｹﾝ,ｽｻﾐﾁｮｳ,,
304212,近畿地方,和歌山県,那智勝浦町,ﾜｶﾔﾏｹﾝ,ﾅﾁｶﾂｳﾗﾁｮｳ,,
304221,近畿地方,和歌山県,太地町,ﾜｶﾔﾏｹﾝ,ﾀｲｼﾞﾁｮｳ,,
304247,近畿地方,和歌山県,古座川町,ﾜｶﾔﾏｹﾝ,ｺｻﾞｶﾞﾜﾁｮｳ,,
304271,近畿地方,和歌山県,北山村,ﾜｶﾔﾏｹﾝ,ｷﾀﾔﾏﾑﾗ,,
304280,近畿地方,和歌山県,串本町,ﾜｶﾔﾏｹﾝ,ｸｼﾓﾄﾁｮｳ,,
310000,中国地方,鳥取県,,ﾄｯﾄﾘｹﾝ,,,
312011,中国地方,鳥取県,鳥取市,ﾄｯﾄﾘｹﾝ,ﾄｯﾄﾘｼ,,
312029,中国地方,鳥取県,米子市,ﾄｯﾄﾘｹﾝ,ﾖﾅｺﾞｼ,,
312037,中国地方,鳥取県,倉吉市,ﾄｯﾄﾘｹﾝ,ｸﾗﾖｼｼ,,
312045,中国地方,鳥取県,境港市,ﾄｯﾄﾘｹﾝ,ｻｶｲﾐﾅﾄｼ,,
313025,中国地方,鳥取県,岩美町,ﾄｯﾄﾘｹﾝ,ｲﾜﾐﾁｮｳ,,
313254,中国地方,鳥取県,若桜町,ﾄｯﾄﾘｹﾝ,ﾜｶｻﾁｮｳ,,
313289,中国地方,鳥取県,智頭町,ﾄｯﾄﾘｹﾝ,ﾁﾂﾞﾁｮｳ,,
313297,中国地方,鳥取県,八頭町,ﾄｯﾄﾘｹﾝ,ﾔｽﾞﾁｮｳ,,
313645,中国地方,鳥取県,三朝町,ﾄｯﾄﾘｹﾝ,ﾐｻｻﾁｮｳ,,
313700,中国地方,鳥取県,湯梨浜町,ﾄｯﾄﾘｹﾝ,ﾕﾘﾊﾏﾁｮｳ,,
313718,中国地方,鳥取県,琴浦町,ﾄｯﾄﾘｹﾝ,ｺﾄｳﾗﾁｮｳ,,
313726,中国地方,鳥取県,北栄町,ﾄｯﾄﾘｹﾝ,ﾎｸｴｲﾁｮｳ,,
313840,中国地方,鳥取県,日吉津村,ﾄｯﾄﾘｹﾝ,ﾋｴﾂﾞｿﾝ,,
313866,中国地方,鳥取県,大山町,ﾄｯﾄﾘｹﾝ,ﾀﾞｲｾﾝﾁｮｳ,,
313891,中国地方,鳥取県,南部町,ﾄｯﾄﾘｹﾝ,ﾅﾝﾌﾞﾁｮｳ,,
313904,中国地方,鳥取県,伯耆町,ﾄｯﾄﾘｹﾝ,ﾎｳｷﾁｮｳ,,
314013,中国地方,鳥取県,日南町,ﾄｯﾄﾘｹﾝ,ﾆﾁﾅﾝﾁｮｳ,,
314021,中国地方,鳥取県,日野町,ﾄｯﾄﾘｹﾝ,ﾋﾉﾁｮｳ,,
314030,中国地方,鳥取県,江府町,ﾄｯﾄﾘｹﾝ,ｺｳﾌﾁｮｳ,,
320005,中国地方,島根県,,ｼﾏﾈｹﾝ,,,
322016,中国地方,島根県,松江市,ｼﾏﾈｹﾝ,ﾏﾂｴｼ,,
322024,中国地方,島根県,浜田市,ｼﾏﾈｹﾝ,ﾊﾏﾀﾞｼ,,
322032,中国地方,島根県,出雲市,ｼﾏﾈｹﾝ,ｲｽﾞﾓｼ,,
322041,中国地方,島根県,益田市,ｼﾏﾈｹﾝ,ﾏｽﾀﾞｼ,,
322059,中国地方,島根県,大田市,ｼﾏﾈｹﾝ,ｵｵﾀﾞｼ,,
322067,中国地方,島根県,安来市,ｼﾏﾈｹﾝ,ﾔｽｷﾞｼ,,
322075,中国地方,島根県,江津市,ｼﾏﾈｹﾝ,ｺﾞｳﾂｼ,,
322091,中国地方,島根県,雲南市,ｼﾏﾈｹﾝ,ｳﾝﾅﾝｼ,,
323438,中国地方,島根県,奥出雲町,ｼﾏﾈｹﾝ,ｵｸｲｽﾞﾓﾁｮｳ,,
323861,中国地方,島根県,飯南町,ｼﾏﾈｹﾝ,ｲｲﾅﾝﾁｮｳ,,
324418,中国地方,島根県,川本町,ｼﾏﾈｹﾝ,ｶﾜﾓﾄﾏﾁ,,
324485,中国地方,島根県,美郷町,ｼﾏﾈｹﾝ,ﾐｻﾄﾁｮｳ,,
324493,中国地方,島根県,邑南町,ｼﾏﾈｹﾝ,ｵｵﾅﾝﾁｮｳ,,
325015,中国地方,島根県,津和野町,ｼﾏﾈｹﾝ,ﾂﾜﾉﾁｮｳ,,
325058,中国地方,島根県,吉賀町,ｼﾏﾈｹﾝ,ﾖｼｶﾁｮｳ,,
325252,中国地方,島根県,海士町,ｼﾏﾈｹﾝ,ｱﾏﾁｮｳ,,
325261,中国地方,島根県,西ノ島町,ｼﾏﾈｹﾝ,ﾆｼﾉｼﾏﾁｮｳ,,
325279,中国地方,島根県,知夫村,ｼﾏﾈｹﾝ,ﾁﾌﾞﾑﾗ,,
325287,中国地方,島根県,隠岐の島町,ｼﾏﾈｹﾝ,ｵｷﾉｼﾏﾁｮｳ,,
330001,中国地方,岡山県,,ｵｶﾔﾏｹﾝ,,,
331007,中国地方,岡山県,岡山市,ｵｶﾔﾏｹﾝ,ｵｶﾔﾏｼ,,
332020,中国地方,岡山県,倉敷市,ｵｶﾔﾏｹﾝ,ｸﾗｼｷｼ,,
332038,中国地方,岡山県,津山市,ｵｶﾔﾏｹﾝ,ﾂﾔﾏｼ,,
332046,中国地方,岡山県,玉野市,ｵｶﾔﾏｹﾝ,ﾀﾏﾉｼ,,
332054,中国地方,岡山県,笠岡市,ｵｶﾔﾏｹﾝ,ｶｻｵｶｼ,,
332071,中国地方,岡山県,井原市,ｵｶﾔﾏｹﾝ,ｲﾊﾞﾗｼ,,
332089,中国地方,岡山県,総社市,ｵｶﾔﾏｹﾝ,ｿｳｼﾞﾔｼ,,
332097,中国地方,岡山県,高梁市,ｵｶﾔﾏｹﾝ,ﾀｶﾊｼｼ,,
332101,中国地方,岡山県,新見市,ｵｶﾔﾏｹﾝ,ﾆｲﾐｼ,,
332119,中国地方,岡山県,備前市,ｵｶﾔﾏｹﾝ,ﾋﾞｾﾞﾝｼ,,
332127,中国地方,岡山県,瀬戸内市,ｵｶﾔﾏｹﾝ,ｾﾄｳﾁｼ,,
332135,中国地方,岡山県,赤磐市,ｵｶﾔﾏｹﾝ,ｱｶｲﾜｼ,,
332143,中国地方,岡山県,真庭市,ｵｶﾔﾏｹﾝ,ﾏﾆﾜｼ,,
332151,中国地方,岡山県,美作市,ｵｶﾔﾏｹﾝ,ﾐﾏｻｶｼ,,
332160,中国地方,岡山県,浅口市,ｵｶﾔﾏｹﾝ,ｱｻｸﾁｼ,,
333468,中国地方,岡山県,和気町,ｵｶﾔﾏｹﾝ,ﾜｹﾁｮｳ,,
334235,中国地方,岡山県,早島町,ｵｶﾔﾏｹﾝ,ﾊﾔｼﾏﾁｮｳ,,
334456,中国地方,岡山県,里庄町,ｵｶﾔﾏｹﾝ,ｻﾄｼｮｳﾁｮｳ,,
334618,中国地方,岡山県,矢掛町,ｵｶﾔﾏｹﾝ,ﾔｶｹﾞﾁｮｳ,,
335860,中国地方,岡山県,新庄村,ｵｶﾔﾏｹﾝ,ｼﾝｼﾞﾖｳｿﾝ,,
336068,中国地方,岡山県,鏡野町,ｵｶﾔﾏｹﾝ,ｶｶﾞﾐﾉﾁｮｳ,,
336220,中国地方,岡山県,勝央町,ｵｶﾔﾏｹﾝ,ｼｮｳｵｳﾁｮｳ,,
336238,中国地方,岡山県,奈義町,ｵｶﾔﾏｹﾝ,ﾅｷﾞﾁｮｳ,,
336432,中国地方,岡山県,西粟倉村,ｵｶﾔﾏｹﾝ,ﾆｼｱﾜｸﾗｿﾝ,,
336637,中国地方,岡山県,久米南町,ｵｶﾔﾏｹﾝ,ｸﾒﾅﾝﾁｮｳ,,
336661,中国地方,岡山県,美咲町,ｵｶﾔﾏｹﾝ,ﾐｻｷﾁｮｳ,,
336815,中国地方,岡山県,吉備中央町,ｵｶﾔﾏｹﾝ,ｷﾋﾞﾁｭｳｵｳﾁｮｳ,,
340006,中国地方,広島県,,ﾋﾛｼﾏｹﾝ,,,
341002,中国地方,広島県,広島市,ﾋﾛｼﾏｹﾝ,ﾋﾛｼﾏｼ,,
342025,中国地方,広島県,呉市,ﾋﾛｼﾏｹﾝ,ｸﾚｼ,,
342033,中国地方,広島県,竹原市,ﾋﾛｼﾏｹﾝ,ﾀｹﾊﾗｼ,,
342041,中国地方,広島県,三原市,ﾋﾛｼﾏｹﾝ,ﾐﾊﾗｼ,,
342050,中国地方,広島県,尾道市,ﾋﾛｼﾏｹﾝ,ｵﾉﾐﾁｼ,,
342076,中国地方,広島県,福山市,ﾋﾛｼﾏｹﾝ,ﾌｸﾔﾏｼ,,
342084,中国地方,広島県,府中市,ﾋﾛｼﾏｹﾝ,ﾌﾁｭｳｼ,,
342092,中国地方,広島県,三次市,ﾋﾛｼﾏｹﾝ,ﾐﾖｼｼ,,
342106,中国地方,広島県,庄原市,ﾋﾛｼﾏｹﾝ,ｼｮｳﾊﾞﾗｼ,,
342114,中国地方,広島県,大竹市,ﾋﾛｼﾏｹﾝ,ｵｵﾀｹｼ,,
342122,中国地方,広島県,東広島市,ﾋﾛｼﾏｹﾝ,ﾋｶﾞｼﾋﾛｼﾏｼ,,
342131,中国地方,広島県,廿日市市,ﾋﾛｼﾏｹﾝ,ﾊﾂｶｲﾁｼ,,
342149,中国地方,広島県,安芸高田市,ﾋﾛｼﾏｹﾝ,ｱｷﾀｶﾀｼ,,
342157,中国地方,広島県,江田島市,ﾋﾛｼﾏｹﾝ,ｴﾀｼﾞﾏｼ,,
343021,中国地方,広島県,府中町,ﾋﾛｼﾏｹﾝ,ﾌﾁｭｳﾁｮｳ,,
343048,中国地方,広島県,海田町,ﾋﾛｼﾏｹﾝ,ｶｲﾀﾁｮｳ,,
343072,中国地方,広島県,熊野町,ﾋﾛｼﾏｹﾝ,ｸﾏﾉﾁｮｳ,,
343099,中国地方,広島県,坂町,ﾋﾛｼﾏｹﾝ,ｻｶﾁｮｳ,,
343684,中国地方,広島県,安芸太田町,ﾋﾛｼﾏｹﾝ,ｱｷｵｵﾀﾁｮｳ,,
343692,中国地方,広島県,北広島町,ﾋﾛｼﾏｹﾝ,ｷﾀﾋﾛｼﾏﾁｮｳ,,
344311,中国地方,広島県,大崎上島町,ﾋﾛｼﾏｹﾝ,ｵｵｻｷｶﾐｼﾞﾏﾁｮｳ,,
344621,中国地方,広島県,世羅町,ﾋﾛｼﾏｹﾝ,ｾﾗﾁｮｳ,,
345458,中国地方,広島県,神石高原町,ﾋﾛｼﾏｹﾝ,ｼﾞﾝｾｷｺｳｹﾞﾝﾁｮｳ,,
350001,中国地方,山口県,,ﾔﾏｸﾞﾁｹﾝ,,,
352012,中国地方,山口県,下関市,ﾔﾏｸﾞﾁｹﾝ,ｼﾓﾉｾｷｼ,,
352021,中国地方,山口県,宇部市,ﾔﾏｸﾞﾁｹﾝ,ｳﾍﾞｼ,,
352039,中国地方,山口県,山口市,ﾔﾏｸﾞﾁｹﾝ,ﾔﾏｸﾞﾁｼ,,
352047,中国地方,山口県,萩市,ﾔﾏｸﾞﾁｹﾝ,ﾊｷﾞｼ,,
352063,中国地方,山口県,防府市,ﾔﾏｸﾞﾁｹﾝ,ﾎｳﾌｼ,,
352071,中国地方,山口県,下松市,ﾔﾏｸﾞﾁｹﾝ,ｸﾀﾞﾏﾂｼ,,
352080,中国地方,山口県,岩国市,ﾔﾏｸﾞﾁｹﾝ,ｲﾜｸﾆｼ,,
352101,中国地方,山口県,光市,ﾔﾏｸﾞﾁｹﾝ,ﾋｶﾘｼ,,
352110,中国地方,山口県,長門市,ﾔﾏｸﾞﾁｹﾝ,ﾅｶﾞﾄｼ,,
352128,中国地方,山口県,柳井市,ﾔﾏｸﾞﾁｹﾝ,ﾔﾅｲｼ,,
352136,中国地方,山口県,美祢市,ﾔﾏｸﾞﾁｹﾝ,ﾐﾈｼ,,
352152,中国地方,山口県,周南市,ﾔﾏｸﾞﾁｹﾝ,ｼｭｳﾅﾝｼ,,
352161,中国地方,山口県,山陽小野田市,ﾔﾏｸﾞﾁｹﾝ,ｻﾝﾖｳｵﾉﾀﾞｼ,,
353051,中国地方,山口県,周防大島町,ﾔﾏｸﾞﾁｹﾝ,ｽｵｳｵｵｼﾏﾁｮｳ,,
353213,中国地方,山口県,和木町,ﾔﾏｸﾞﾁｹﾝ,ﾜｷﾁｮｳ,,
353418,中国地方,山口県,上関町,ﾔﾏｸﾞﾁｹﾝ,ｶﾐﾉｾｷﾁｮｳ,,
353434,中国地方,山口県,田布施町,ﾔﾏｸﾞﾁｹﾝ,ﾀﾌﾞｾﾁｮｳ,,
353442,中国地方,山口県,平生町,ﾔﾏｸﾞﾁｹﾝ,ﾋﾗｵﾁｮｳ,,
355020,中国地方,山口県,阿武町,ﾔﾏｸﾞﾁｹﾝ,ｱﾌﾞﾁｮｳ,,
360007,四国地方,徳島県,,ﾄｸｼﾏｹﾝ,,,
362018,四国地方,徳島県,徳島市,ﾄｸｼﾏｹﾝ,ﾄｸｼﾏｼ,,
362026,四国地方,徳島県,鳴門市,ﾄｸｼﾏｹﾝ,ﾅﾙﾄｼ,,
362034,四国地方,徳島県,小松島市,ﾄｸｼﾏｹﾝ,ｺﾏﾂｼﾏｼ,,
362042,四国地方,徳島県,阿南市,ﾄｸｼﾏｹﾝ,ｱﾅﾝｼ,,
362051,四国地方,徳島県,吉野川市,ﾄｸｼﾏｹﾝ,ﾖｼﾉｶﾞﾜｼ,,
362069,四国地方,徳島県,阿波市,ﾄｸｼﾏｹﾝ,ｱﾜｼ,,
362077,四国地方,徳島県,美馬市,ﾄｸｼﾏｹﾝ,ﾐﾏｼ,,
362085,四国地方,徳島県,三好市,ﾄｸｼﾏｹﾝ,ﾐﾖｼｼ,,
363014,四国地方,徳島県,勝浦町,ﾄｸｼﾏｹﾝ,ｶﾂｳﾗﾁｮｳ,,
363022,四国地方,徳島県,上勝町,ﾄｸｼﾏｹﾝ,ｶﾐｶﾂﾁｮｳ,,
363219,四国地方,徳島県,佐那河内村,ﾄｸｼﾏｹﾝ,ｻﾅｺﾞｳﾁｿﾝ,,
363413,四国地方,徳島県,石井町,ﾄｸｼﾏｹﾝ,ｲｼｲﾁｮｳ,,
363421,四国地方,徳島県,神山町,ﾄｸｼﾏｹﾝ,ｶﾐﾔﾏﾁｮｳ,,
363685,四国地方,徳島県,那賀町,ﾄｸｼﾏｹﾝ,ﾅｶﾁｮｳ,,
363839,四国地方,徳島県,牟岐町,ﾄｸｼﾏｹﾝ,ﾑｷﾞﾁｮｳ,,
363871,四国地方,徳島県,美波町,ﾄｸｼﾏｹﾝ,ﾐﾅﾐﾁｮｳ,,
363880,四国地方,徳島県,海陽町,ﾄｸｼﾏｹﾝ,ｶｲﾖｳﾁｮｳ,,
364011,四国地方,徳島県,松茂町,ﾄｸｼﾏｹﾝ,ﾏﾂｼｹﾞﾁｮｳ,,
364029,四国地方,徳島県,北島町,ﾄｸｼﾏｹﾝ,ｷﾀｼﾞﾏﾁｮｳ,,
364037,四国地方,徳島県,藍住町,ﾄｸｼﾏｹﾝ,ｱｲｽﾞﾐﾁｮｳ,,
364045,四国地方,徳島県,板野町,ﾄｸｼﾏｹﾝ,ｲﾀﾉﾁｮｳ,,
364053,四国地方,徳島県,上板町,ﾄｸｼﾏｹﾝ,ｶﾐｲﾀﾁｮｳ,,
364681,四国地方,徳島県,つるぎ町,ﾄｸｼﾏｹﾝ,ﾂﾙｷﾞﾁｮｳ,,
364894,四国地方,徳島県,東みよし町,ﾄｸｼﾏｹﾝ,ﾋｶﾞｼﾐﾖｼﾁｮｳ,,
370002,四国地方,香川県,,ｶｶﾞﾜｹﾝ,,,
372013,四国地方,香川県,高松市,ｶｶﾞﾜｹﾝ,ﾀｶﾏﾂｼ,,
372021,四国地方,香川県,丸亀市,ｶｶﾞﾜｹﾝ,ﾏﾙｶﾞﾒｼ,,
372030,四国地方,香川県,坂出市,ｶｶﾞﾜｹﾝ,ｻｶｲﾃﾞｼ,,
372048,四国地方,香川県,善通寺市,ｶｶﾞﾜｹﾝ,ｾﾞﾝﾂｳｼﾞｼ,,
372056,四国地方,香川県,観音寺市,ｶｶﾞﾜｹﾝ,ｶﾝｵﾝｼﾞｼ,,
372064,四国地方,香川県,さぬき市,ｶｶﾞﾜｹﾝ,ｻﾇｷｼ,,
372072,四国地方,香川県,東かがわ市,ｶｶﾞﾜｹﾝ,ﾋｶﾞｼｶｶﾞﾜｼ,,
372081,四国地方,香川県,三豊市,ｶｶﾞﾜｹﾝ,ﾐﾄﾖｼ,,
373222,四国地方,香川県,土庄町,ｶｶﾞﾜｹﾝ,ﾄﾉｼｮｳﾁｮｳ,,
373249,四国地方,香川県,小豆島町,ｶｶﾞﾜｹﾝ,ｼｮｳﾄﾞｼﾏﾁｮｳ,,
373419,四国地方,香川県,三木町,ｶｶﾞﾜｹﾝ,ﾐｷﾁｮｳ,,
373648,四国地方,香川県,直島町,ｶｶﾞﾜｹﾝ,ﾅｵｼﾏﾁｮｳ,,
373869,四国地方,香川県,宇多津町,ｶｶﾞﾜｹﾝ,ｳﾀﾂﾞﾁｮｳ,,
373877,四国地方,香川県,綾川町,ｶｶﾞﾜｹﾝ,ｱﾔｶﾞﾜﾁｮｳ,,
374032,四国地方,香川県,琴平町,ｶｶﾞﾜｹﾝ,ｺﾄﾋﾗﾁｮｳ,,
374041,四国地方,香川県,多度津町,ｶｶﾞﾜｹﾝ,ﾀﾄﾞﾂﾁｮｳ,,
374067,四国地方,香川県,まんのう町,ｶｶﾞﾜｹﾝ,ﾏﾝﾉｳﾁｮｳ,,
380008,四国地方,愛媛県,,ｴﾋﾒｹﾝ,,,
382019,四国地方,愛媛県,松山市,ｴﾋﾒｹﾝ,ﾏﾂﾔﾏｼ,,
382027,四国地方,愛媛県,今治市,ｴﾋﾒｹﾝ,ｲﾏﾊﾞﾘｼ,,
382035,四国地方,愛媛県,宇和島市,ｴﾋﾒｹﾝ,ｳﾜｼﾞﾏｼ,,
382043,四国地方,愛媛県,八幡浜市,ｴﾋﾒｹﾝ,ﾔﾜﾀﾊﾏｼ,,
382051,四国地方,愛媛県,新居浜市,ｴﾋﾒｹﾝ,ﾆｲﾊﾏｼ,,
382060,四国地方,愛媛県,西条市,ｴﾋﾒｹﾝ,ｻｲｼﾞｮｳｼ,,
382078,四国地方,愛媛県,大洲市,ｴﾋﾒｹﾝ,ｵｵｽﾞｼ,,
382108,四国地方,愛媛県,伊予市,ｴﾋﾒｹﾝ,ｲﾖｼ,,
382132,四国地方,愛媛県,四国中央市,ｴﾋﾒｹﾝ,ｼｺｸﾁｭｳｵｳｼ,,
382141,四国地方,愛媛県,西予市,ｴﾋﾒｹﾝ,ｾｲﾖｼ,,
382159,四国地方,愛媛県,東温市,ｴﾋﾒｹﾝ,ﾄｳｵﾝｼ,,
383562,四国地方,愛媛県,上島町,ｴﾋﾒｹﾝ,ｶﾐｼﾞﾏﾁｮｳ,,
383864,四国地方,愛媛県,久万高原町,ｴﾋﾒｹﾝ,ｸﾏｺｳｹﾞﾝﾁｮｳ,,
384011,四国地方,愛媛県,松前町,ｴﾋﾒｹﾝ,ﾏｻｷﾁｮｳ,,
384020,四国地方,愛媛県,砥部町,ｴﾋﾒｹﾝ,ﾄﾍﾞﾁｮｳ,,
384224,四国地方,愛媛県,内子町,ｴﾋﾒｹﾝ,ｳﾁｺﾁｮｳ,,
384429,四国地方,愛媛県,伊方町,ｴﾋﾒｹﾝ,ｲｶﾀﾁｮｳ,,
384844,四国地方,愛媛県,松野町,ｴﾋﾒｹﾝ,ﾏﾂﾉﾁｮｳ,,
384887,四国地方,愛媛県,鬼北町,ｴﾋﾒｹﾝ,ｷﾎｸﾁｮｳ,,
385069,四国地方,愛媛県,愛南町,ｴﾋﾒｹﾝ,ｱｲﾅﾝﾁｮｳ,,
390003,四国地方,高知県,,ｺｳﾁｹﾝ,,,
392014,四国地方,高知県,高知市,ｺｳﾁｹﾝ,ｺｳﾁｼ,,
392022,四国地方,高知県,室戸市,ｺｳﾁｹﾝ,ﾑﾛﾄｼ,,
392031,四国地方,高知県,安芸市,ｺｳﾁｹﾝ,ｱｷｼ,,
392049,四国地方,高知県,南国市,ｺｳﾁｹﾝ,ﾅﾝｺｸｼ,,
392057,四国地方,高知県,土佐市,ｺｳﾁｹﾝ,ﾄｻｼ,,
392065,四国地方,高知県,須崎市,ｺｳﾁｹﾝ,ｽｻｷｼ,,
392081,四国地方,高知県,宿毛市,ｺｳﾁｹﾝ,ｽｸﾓｼ,,
392090,四国地方,高知県,土佐清水市,ｺｳﾁｹﾝ,ﾄｻｼﾐｽﾞｼ,,
392103,四国地方,高知県,四万十市,ｺｳﾁｹﾝ,ｼﾏﾝﾄｼ,,
392111,四国地方,高知県,香南市,ｺｳﾁｹﾝ,ｺｳﾅﾝｼ,,
392120,四国地方,高知県,香美市,ｺｳﾁｹﾝ,ｶﾐｼ,,
393011,四国地方,高知県,東洋町,ｺｳﾁｹﾝ,ﾄｳﾖｳﾁｮｳ,,
393029,四国地方,高知県,奈半利町,ｺｳﾁｹﾝ,ﾅﾊﾘﾁｮｳ,,
393037,四国地方,高知県,田野町,ｺｳﾁｹﾝ,ﾀﾉﾁｮｳ,,
393045,四国地方,高知県,安田町,ｺｳﾁｹﾝ,ﾔｽﾀﾞﾁｮｳ,,
393053,四国地方,高知県,北川村,ｺｳﾁｹﾝ,ｷﾀｶﾞﾜﾑﾗ,,
393061,四国地方,高知県,馬路村,ｺｳﾁｹﾝ,ｳﾏｼﾞﾑﾗ,,
393070,四国地方,高知県,芸西村,ｺｳﾁｹﾝ,ｹﾞｲｾｲﾑﾗ,,
393410,四国地方,高知県,本山町,ｺｳﾁｹﾝ,ﾓﾄﾔﾏﾁｮｳ,,
393444,四国地方,高知県,大豊町,ｺｳﾁｹﾝ,ｵｵﾄﾖﾁｮｳ,,
393631,四国地方,高知県,土佐町,ｺｳﾁｹﾝ,ﾄｻﾁｮｳ,,
393649,四国地方,高知県,大川村,ｺｳﾁｹﾝ,ｵｵｶﾜﾑﾗ,,
393860,四国地方,高知県,いの町,ｺｳﾁｹﾝ,ｲﾉﾁｮｳ,,
393878,四国地方,高知県,仁淀川町,ｺｳﾁｹﾝ,ﾆﾖﾄﾞｶﾞﾜﾁｮｳ,,
394017,四国地方,高知県,中土佐町,ｺｳﾁｹﾝ,ﾅｶﾄｻﾁｮｳ,,
394025,四国地方,高知県,佐川町,ｺｳﾁｹﾝ,ｻｶﾜﾁｮｳ,,
394033,四国地方,高知県,越知町,ｺｳﾁｹﾝ,ｵﾁﾁｮｳ,,
394050,四国地方,高知県,梼原町,ｺｳﾁｹﾝ,ﾕｽﾊﾗﾁｮｳ,,
394106,四国地方,高知県,日高村,ｺｳﾁｹﾝ,ﾋﾀﾞｶﾑﾗ,,
394114,四国地方,高知県,津野町,ｺｳﾁｹﾝ,ﾂﾉﾁｮｳ,,
394122,四国地方,高知県,四万十町,ｺｳﾁｹﾝ,ｼﾏﾝﾄﾁｮｳ,,
394246,四国地方,高知県,大月町,ｺｳﾁｹﾝ,ｵｵﾂｷﾁｮｳ,,
394271,四国地方,高知県,三原村,ｺｳﾁｹﾝ,ﾐﾊﾗﾑﾗ,,
394289,四国地方,高知県,黒潮町,ｺｳﾁｹﾝ,ｸﾛｼｵﾁｮｳ,,
400009,九州地方,福岡県,,ﾌｸｵｶｹﾝ,,,
401005,九州地方,福岡県,北九州市,ﾌｸｵｶｹﾝ,ｷﾀｷｭｳｼｭｳｼ,,
401307,九州地方,福岡県,福岡市,ﾌｸｵｶｹﾝ,ﾌｸｵｶｼ,,
402028,九州地方,福岡県,大牟田市,ﾌｸｵｶｹﾝ,ｵｵﾑﾀｼ,,
402036,九州地方,福岡県,久留米市,ﾌｸｵｶｹﾝ,ｸﾙﾒｼ,,
402044,九州地方,福岡県,直方市,ﾌｸｵｶｹﾝ,ﾉｵｶﾞﾀｼ,,
402052,九州地方,福岡県,飯塚市,ﾌｸｵｶｹﾝ,ｲｲﾂﾞｶｼ,,
402061,九州地方,福岡県,田川市,ﾌｸｵｶｹﾝ,ﾀｶﾞﾜｼ,,
402079,九州地方,福岡県,柳川市,ﾌｸｵｶｹﾝ,ﾔﾅｶﾞﾜｼ,,
402109,九州地方,福岡県,八女市,ﾌｸｵｶｹﾝ,ﾔﾒｼ,,
402117,九州地方,福岡県,筑後市,ﾌｸｵｶｹﾝ,ﾁｸｺﾞｼ,,
402125,九州地方,福岡県,大川市,ﾌｸｵｶｹﾝ,ｵｵｶﾜｼ,,
402133,九州地方,福岡県,行橋市,ﾌｸｵｶｹﾝ,ﾕｸﾊｼｼ,,
402141,九州地方,福岡県,豊前市,ﾌｸｵｶｹﾝ,ﾌﾞｾﾞﾝｼ,,
402150,九州地方,福岡県,中間市,ﾌｸｵｶｹﾝ,ﾅｶﾏｼ,,
402168,九州地方,福岡県,小郡市,ﾌｸｵｶｹﾝ,ｵｺﾞｵﾘｼ,,
402176,九州地方,福岡県,筑紫野市,ﾌｸｵｶｹﾝ,ﾁｸｼﾉｼ,,
402184,九州地方,福岡県,春日市,ﾌｸｵｶｹﾝ,ｶｽｶﾞｼ,,
402192,九州地方,福岡県,大野城市,ﾌｸｵｶｹﾝ,ｵｵﾉｼﾞｮｳｼ,,
402206,九州地方,福岡県,宗像市,ﾌｸｵｶｹﾝ,ﾑﾅｶﾀｼ,,
402214,九州地方,福岡県,太宰府市,ﾌｸｵｶｹﾝ,ﾀﾞｻﾞｲﾌｼ,,
402231,九州地方,福岡県,古賀市,ﾌｸｵｶｹﾝ,ｺｶﾞｼ,,
402249,九州地方,福岡県,福津市,ﾌｸｵｶｹﾝ,ﾌｸﾂｼ,,
402257,九州地方,福岡県,うきは市,ﾌｸｵｶｹﾝ,ｳｷﾊｼ,,
402265,九州地方,福岡県,宮若市,ﾌｸｵｶｹﾝ,ﾐﾔﾜｶｼ,,
402273,九州地方,福岡県,嘉麻市,ﾌｸｵｶｹﾝ,ｶﾏｼ,,
402281,九州地方,福岡県,朝倉市,ﾌｸｵｶｹﾝ,ｱｻｸﾗｼ,,
402290,九州地方,福岡県,みやま市,ﾌｸｵｶｹﾝ,ﾐﾔﾏｼ,,
402303,九州地方,福岡県,糸島市,ﾌｸｵｶｹﾝ,ｲﾄｼﾏｼ,,
402311,九州地方,福岡県,那珂川市,ﾌｸｵｶｹﾝ,ﾅｶｶﾞﾜｼ,,
403415,九州地方,福岡県,宇美町,ﾌｸｵｶｹﾝ,ｳﾐﾏﾁ,,
403423,九州地方,福岡県,篠栗町,ﾌｸｵｶｹﾝ,ｻｻｸﾞﾘﾏﾁ,,
403431,九州地方,福岡県,志免町,ﾌｸｵｶｹﾝ,ｼﾒﾏﾁ,,
403440,九州地方,福岡県,須恵町,ﾌｸｵｶｹﾝ,ｽｴﾏﾁ,,
403458,九州地方,福岡県,新宮町,ﾌｸｵｶｹﾝ,ｼﾝｸﾞｳﾏﾁ,,
403482,九州地方,福岡県,久山町,ﾌｸｵｶｹﾝ,ﾋｻﾔﾏﾏﾁ,,
403491,九州地方,福岡県,粕屋町,ﾌｸｵｶｹﾝ,ｶｽﾔﾏﾁ,,
403814,九州地方,福岡県,芦屋町,ﾌｸｵｶｹﾝ,ｱｼﾔﾏﾁ,,
403822,九州地方,福岡県,水巻町,ﾌｸｵｶｹﾝ,ﾐｽﾞﾏｷﾏﾁ,,
403831,九州地方,福岡県,岡垣町,ﾌｸｵｶｹﾝ,ｵｶｶﾞｷﾏﾁ,,
403849,九州地方,福岡県,遠賀町,ﾌｸｵｶｹﾝ,ｵﾝｶﾞﾁｮｳ,,
404012,九州地方,福岡県,小竹町,ﾌｸｵｶｹﾝ,ｺﾀｹﾏﾁ,,
404021,九州地方,福岡県,鞍手町,ﾌｸｵｶｹﾝ,ｸﾗﾃﾏﾁ,,
404217,九州地方,福岡県,桂川町,ﾌｸｵｶｹﾝ,ｹｲｾﾝﾏﾁ,,
404471,九州地方,福岡県,筑前町,ﾌｸｵｶｹﾝ,ﾁｸｾﾞﾝﾏﾁ,,
404489,九州地方,福岡県,東峰村,ﾌｸｵｶｹﾝ,ﾄｳﾎｳﾑﾗ,,
405035,九州地方,福岡県,大刀洗町,ﾌｸｵｶｹﾝ,ﾀﾁｱﾗｲﾏﾁ,,
405221,九州地方,福岡県,大木町,ﾌｸｵｶｹﾝ,ｵｵｷﾏﾁ,,
405442,九州地方,福岡県,広川町,ﾌｸｵｶｹﾝ,ﾋﾛｶﾜﾏﾁ,,
406015,九州地方,福岡県,香春町,ﾌｸｵｶｹﾝ,ｶﾜﾗﾏﾁ,,
406023,九州地方,福岡県,添田町,ﾌｸｵｶｹﾝ,ｿｴﾀﾞﾏﾁ,,
406040,九州地方,福岡県,糸田町,ﾌｸｵｶｹﾝ,ｲﾄﾀﾞﾏﾁ,,
406058,九州地方,福岡県,川崎町,ﾌｸｵｶｹﾝ,ｶﾜｻｷﾏﾁ,,
406082,九州地方,福岡県,大任町,ﾌｸｵｶｹﾝ,ｵｵﾄｳﾏﾁ,,
406091,九州地方,福岡県,赤村,ﾌｸｵｶｹﾝ,ｱｶﾑﾗ,,
406104,九州地方,福岡県,福智町,ﾌｸｵｶｹﾝ,ﾌｸﾁﾏﾁ,,
406210,九州地方,福岡県,苅田町,ﾌｸｵｶｹﾝ,ｶﾝﾀﾞﾏﾁ,,
406252,九州地方,福岡県,みやこ町,ﾌｸｵｶｹﾝ,ﾐﾔｺﾏﾁ,,
406422,九州地方,福岡県,吉富町,ﾌｸｵｶｹﾝ,ﾖｼﾄﾐﾏﾁ,,
406465,九州地方,福岡県,上毛町,ﾌｸｵｶｹﾝ,ｺｳｹﾞﾏﾁ,,
406473,九州地方,福岡県,築上町,ﾌｸｵｶｹﾝ,ﾁｸｼﾞｮｳﾏﾁ,,
410004,九州地方,佐賀県,,ｻｶﾞｹﾝ,,,
412015,九州地方,佐賀県,佐賀市,ｻｶﾞｹﾝ,ｻｶﾞｼ,,
412023,九州地方,佐賀県,唐津市,ｻｶﾞｹﾝ,ｶﾗﾂｼ,,
412031,九州地方,佐賀県,鳥栖市,ｻｶﾞｹﾝ,ﾄｽｼ,,
412040,九州地方,佐賀県,多久市,ｻｶﾞｹﾝ,ﾀｸｼ,,
412058,九州地方,佐賀県,伊万里市,ｻｶﾞｹﾝ,ｲﾏﾘｼ,,
412066,九州地方,佐賀県,武雄市,ｻｶﾞｹﾝ,ﾀｹｵｼ,,
412074,九州地方,佐賀県,鹿島市,ｻｶﾞｹﾝ,ｶｼﾏｼ,,
412082,九州地方,佐賀県,小城市,ｻｶﾞｹﾝ,ｵｷﾞｼ,,
412091,九州地方,佐賀県,嬉野市,ｻｶﾞｹﾝ,ｳﾚｼﾉｼ,,
412104,九州地方,佐賀県,神埼市,ｻｶﾞｹﾝ,ｶﾝｻﾞｷｼ,,
413275,九州地方,佐賀県,吉野ヶ里町,ｻｶﾞｹﾝ,ﾖｼﾉｶﾞﾘﾁｮｳ,,
413411,九州地方,佐賀県,基山町,ｻｶﾞｹﾝ,ｷﾔﾏﾁｮｳ,,
413453,九州地方,佐賀県,上峰町,ｻｶﾞｹﾝ,ｶﾐﾐﾈﾁｮｳ,,
413461,九州地方,佐賀県,みやき町,ｻｶﾞｹﾝ,ﾐﾔｷﾁｮｳ,,
413879,九州地方,佐賀県,玄海町,ｻｶﾞｹﾝ,ｹﾞﾝｶｲﾁｮｳ,,
414018,九州地方,佐賀県,有田町,ｻｶﾞｹﾝ,ｱﾘﾀﾁｮｳ,,
414239,九州地方,佐賀県,大町町,ｻｶﾞｹﾝ,ｵｵﾏﾁﾁｮｳ,,
414247,九州地方,佐賀県,江北町,ｻｶﾞｹﾝ,ｺｳﾎｸﾏﾁ,,
414255,九州地方,佐賀県,白石町,ｻｶﾞｹﾝ,ｼﾛｲｼﾁｮｳ,,
414417,九州地方,佐賀県,太良町,ｻｶﾞｹﾝ,ﾀﾗﾁｮｳ,,
420000,九州地方,長崎県,,ﾅｶﾞｻｷｹﾝ,,,
422011,九州地方,長崎県,長崎市,ﾅｶﾞｻｷｹﾝ,ﾅｶﾞｻｷｼ,,
422029,九州地方,長崎県,佐世保市,ﾅｶﾞｻｷｹﾝ,ｻｾﾎﾞｼ,,
422037,九州地方,長崎県,島原市,ﾅｶﾞｻｷｹﾝ,ｼﾏﾊﾞﾗｼ,,
422045,九州地方,長崎県,諫早市,ﾅｶﾞｻｷｹﾝ,ｲｻﾊﾔｼ,,
422053,九州地方,長崎県,大村市,ﾅｶﾞｻｷｹﾝ,ｵｵﾑﾗｼ,,
422070,九州地方,長崎県,平戸市,ﾅｶﾞｻｷｹﾝ,ﾋﾗﾄﾞｼ,,
422088,九州地方,長崎県,松浦市,ﾅｶﾞｻｷｹﾝ,ﾏﾂｳﾗｼ,,
422096,九州地方,長崎県,対馬市,ﾅｶﾞｻｷｹﾝ,ﾂｼﾏｼ,,
422100,九州地方,長崎県,壱岐市,ﾅｶﾞｻｷｹﾝ,ｲｷｼ,,
422118,九州地方,長崎県,五島市,ﾅｶﾞｻｷｹﾝ,ｺﾞﾄｳｼ,,
422126,九州地方,長崎県,西海市,ﾅｶﾞｻｷｹﾝ,ｻｲｶｲｼ,,
422134,九州地方,長崎県,雲仙市,ﾅｶﾞｻｷｹﾝ,ｳﾝｾﾞﾝｼ,,
422142,九州地方,長崎県,南島原市,ﾅｶﾞｻｷｹﾝ,ﾐﾅﾐｼﾏﾊﾞﾗｼ,,
423076,九州地方,長崎県,長与町,ﾅｶﾞｻｷｹﾝ,ﾅｶﾞﾖﾁｮｳ,,
423084,九州地方,長崎県,時津町,ﾅｶﾞｻｷｹﾝ,ﾄｷﾞﾂﾁｮｳ,,
423211,九州地方,長崎県,東彼杵町,ﾅｶﾞｻｷｹﾝ,ﾋｶﾞｼｿﾉｷﾞﾁｮｳ,,
423220,九州地方,長崎県,川棚町,ﾅｶﾞｻｷｹﾝ,ｶﾜﾀﾅﾁｮｳ,,
423238,九州地方,長崎県,波佐見町,ﾅｶﾞｻｷｹﾝ,ﾊｻﾐﾁｮｳ,,
423831,九州地方,長崎県,小値賀町,ﾅｶﾞｻｷｹﾝ,ｵﾁﾞｶﾁｮｳ,,
423912,九州地方,長崎県,佐々町,ﾅｶﾞｻｷｹﾝ,ｻｻﾞﾁｮｳ,,
424111,九州地方,長崎県,新上五島町,ﾅｶﾞｻｷｹﾝ,ｼﾝｶﾐｺﾞﾄｳﾁｮｳ,,
430005,九州地方,熊本県,,ｸﾏﾓﾄｹﾝ,,,
431001,九州地方,熊本県,熊本市,ｸﾏﾓﾄｹﾝ,ｸﾏﾓﾄｼ,,
432024,九州地方,熊本県,八代市,ｸﾏﾓﾄｹﾝ,ﾔﾂｼﾛｼ,,
432032,九州地方,熊本県,人吉市,ｸﾏﾓﾄｹﾝ,ﾋﾄﾖｼｼ,,
432041,九州地方,熊本県,荒尾市,ｸﾏﾓﾄｹﾝ,ｱﾗｵｼ,,
432059,九州地方,熊本県,水俣市,ｸﾏﾓﾄｹﾝ,ﾐﾅﾏﾀｼ,,
432067,九州地方,熊本県,玉名市,ｸﾏﾓﾄｹﾝ,ﾀﾏﾅｼ,,
432083,九州地方,熊本県,山鹿市,ｸﾏﾓﾄｹﾝ,ﾔﾏｶﾞｼ,,
432105,九州地方,熊本県,菊池市,ｸﾏﾓﾄｹﾝ,ｷｸﾁｼ,,
432113,九州地方,熊本県,宇土市,ｸﾏﾓﾄｹﾝ,ｳﾄｼ,,
432121,九州地方,熊本県,上天草市,ｸﾏﾓﾄｹﾝ,ｶﾐｱﾏｸｻｼ,,
432130,九州地方,熊本県,宇城市,ｸﾏﾓﾄｹﾝ,ｳｷｼ,,
432148,九州地方,熊本県,阿蘇市,ｸﾏﾓﾄｹﾝ,ｱｿｼ,,
432156,九州地方,熊本県,天草市,ｸﾏﾓﾄｹﾝ,ｱﾏｸｻｼ,,
432164,九州地方,熊本県,合志市,ｸﾏﾓﾄｹﾝ,ｺｳｼｼ,,
433489,九州地方,熊本県,美里町,ｸﾏﾓﾄｹﾝ,ﾐｻﾄﾏﾁ,,
433641,九州地方,熊本県,玉東町,ｸﾏﾓﾄｹﾝ,ｷﾞｮｸﾄｳﾏﾁ,,
433675,九州地方,熊本県,南関町,ｸﾏﾓﾄｹﾝ,ﾅﾝｶﾝﾏﾁ,,
433683,九州地方,熊本県,長洲町,ｸﾏﾓﾄｹﾝ,ﾅｶﾞｽﾏﾁ,,
433691,九州地方,熊本県,和水町,ｸﾏﾓﾄｹﾝ,ﾅｺﾞﾐﾏﾁ,,
434035,九州地方,熊本県,大津町,ｸﾏﾓﾄｹﾝ,ｵｵﾂﾞﾏﾁ,,
434043,九州地方,熊本県,菊陽町,ｸﾏﾓﾄｹﾝ,ｷｸﾖｳﾏﾁ,,
434230,九州地方,熊本県,南小国町,ｸﾏﾓﾄｹﾝ,ﾐﾅﾐｵｸﾞﾆﾏﾁ,,
434248,九州地方,熊本県,小国町,ｸﾏﾓﾄｹﾝ,ｵｸﾞﾆﾏﾁ,,
434256,九州地方,熊本県,産山村,ｸﾏﾓﾄｹﾝ,ｳﾌﾞﾔﾏﾑﾗ,,
434281,九州地方,熊本県,高森町,ｸﾏﾓﾄｹﾝ,ﾀｶﾓﾘﾏﾁ,,
434329,九州地方,熊本県,西原村,ｸﾏﾓﾄｹﾝ,ﾆｼﾊﾗﾑﾗ,,
434337,九州地方,熊本県,南阿蘇村,ｸﾏﾓﾄｹﾝ,ﾐﾅﾐｱｿﾑﾗ,,
434418,九州地方,熊本県,御船町,ｸﾏﾓﾄｹﾝ,ﾐﾌﾈﾏﾁ,,
434426,九州地方,熊本県,嘉島町,ｸﾏﾓﾄｹﾝ,ｶｼﾏﾏﾁ,,
434434,九州地方,熊本県,益城町,ｸﾏﾓﾄｹﾝ,ﾏｼｷﾏﾁ,,
434442,九州地方,熊本県,甲佐町,ｸﾏﾓﾄｹﾝ,ｺｳｻﾏﾁ,,
434477,九州地方,熊本県,山都町,ｸﾏﾓﾄｹﾝ,ﾔﾏﾄﾁｮｳ,,
434680,九州地方,熊本県,氷川町,ｸﾏﾓﾄｹﾝ,ﾋｶﾜﾁｮｳ,,
434825,九州地方,熊本県,芦北町,ｸﾏﾓﾄｹﾝ,ｱｼｷﾀﾏﾁ,,
434841,九州地方,熊本県,津奈木町,ｸﾏﾓﾄｹﾝ,ﾂﾅｷﾞﾏﾁ,,
435015,九州地方,熊本県,錦町,ｸﾏﾓﾄｹﾝ,ﾆｼｷﾏﾁ,,
435058,九州地方,熊本県,多良木町,ｸﾏﾓﾄｹﾝ,ﾀﾗｷﾞﾏﾁ,,
435066,九州地方,熊本県,湯前町,ｸﾏﾓﾄｹﾝ,ﾕﾉﾏｴﾏﾁ,,
435074,九州地方,熊本県,水上村,ｸﾏﾓﾄｹﾝ,ﾐｽﾞｶﾐﾑﾗ,,
435104,九州地方,熊本県,相良村,ｸﾏﾓﾄｹﾝ,ｻｶﾞﾗﾑﾗ,,
435112,九州地方,熊本県,五木村,ｸﾏﾓﾄｹﾝ,ｲﾂｷﾑﾗ,,
435121,九州地方,熊本県,山江村,ｸﾏﾓﾄｹﾝ,ﾔﾏｴﾑﾗ,,
435139,九州地方,熊本県,球磨村,ｸﾏﾓﾄｹﾝ,ｸﾏﾑﾗ,,
435147,九州地方,熊本県,あさぎり町,ｸﾏﾓﾄｹﾝ,ｱｻｷﾞﾘﾁｮｳ,,
435317,九州地方,熊本県,苓北町,ｸﾏﾓﾄｹﾝ,ﾚｲﾎｸﾏﾁ,,
440001,九州地方,大分県,,ｵｵｲﾀｹﾝ,,,
442011,九州地方,大分県,大分市,ｵｵｲﾀｹﾝ,ｵｵｲﾀｼ,,
442020,九州地方,大分県,別府市,ｵｵｲﾀｹﾝ,ﾍﾞｯﾌﾟｼ,,
442038,九州地方,大分県,中津市,ｵｵｲﾀｹﾝ,ﾅｶﾂｼ,,
442046,九州地方,大分県,日田市,ｵｵｲﾀｹﾝ,ﾋﾀｼ,,
442054,九州地方,大分県,佐伯市,ｵｵｲﾀｹﾝ,ｻｲｷｼ,,
442062,九州地方,大分県,臼杵市,ｵｵｲﾀｹﾝ,ｳｽｷｼ,,
442071,九州地方,大分県,津久見市,ｵｵｲﾀｹﾝ,ﾂｸﾐｼ,,
442089,九州地方,大分県,竹田市,ｵｵｲﾀｹﾝ,ﾀｹﾀｼ,,
442097,九州地方,大分県,豊後高田市,ｵｵｲﾀｹﾝ,ﾌﾞﾝｺﾞﾀｶﾀﾞｼ,,
442101,九州地方,大分県,杵築市,ｵｵｲﾀｹﾝ,ｷﾂｷｼ,,
442119,九州地方,大分県,宇佐市,ｵｵｲﾀｹﾝ,ｳｻｼ,,
442127,九州地方,大分県,豊後大野市,ｵｵｲﾀｹﾝ,ﾌﾞﾝｺﾞｵｵﾉｼ,,
442135,九州地方,大分県,由布市,ｵｵｲﾀｹﾝ,ﾕﾌｼ,,
442143,九州地方,大分県,国東市,ｵｵｲﾀｹﾝ,ｸﾆｻｷｼ,,
443221,九州地方,大分県,姫島村,ｵｵｲﾀｹﾝ,ﾋﾒｼﾏﾑﾗ,,
443417,九州地方,大分県,日出町,ｵｵｲﾀｹﾝ,ﾋｼﾞﾏﾁ,,
444618,九州地方,大分県,九重町,ｵｵｲﾀｹﾝ,ｺｺﾉｴﾏﾁ,,
444626,九州地方,大分県,玖珠町,ｵｵｲﾀｹﾝ,ｸｽﾏﾁ,,
450006,九州地方,宮崎県,,ﾐﾔｻﾞｷｹﾝ,,,
452017,九州地方,宮崎県,宮崎市,ﾐﾔｻﾞｷｹﾝ,ﾐﾔｻﾞｷｼ,,
452025,九州地方,宮崎県,都城市,ﾐﾔｻﾞｷｹﾝ,ﾐﾔｺﾉｼﾞｮｳｼ,,
452033,九州地方,宮崎県,延岡市,ﾐﾔｻﾞｷｹﾝ,ﾉﾍﾞｵｶｼ,,
452041,九州地方,宮崎県,日南市,ﾐﾔｻﾞｷｹﾝ,ﾆﾁﾅﾝｼ,,
452050,九州地方,宮崎県,小林市,ﾐﾔｻﾞｷｹﾝ,ｺﾊﾞﾔｼｼ,,
452068,九州地方,宮崎県,日向市,ﾐﾔｻﾞｷｹﾝ,ﾋｭｳｶﾞｼ,,
452076,九州地方,宮崎県,串間市,ﾐﾔｻﾞｷｹﾝ,ｸｼﾏｼ,,
452084,九州地方,宮崎県,西都市,ﾐﾔｻﾞｷｹﾝ,ｻｲﾄｼ,,
452092,九州地方,宮崎県,えびの市,ﾐﾔｻﾞｷｹﾝ,ｴﾋﾞﾉｼ,,
453412,九州地方,宮崎県,三股町,ﾐﾔｻﾞｷｹﾝ,ﾐﾏﾀﾁｮｳ,,
453617,九州地方,宮崎県,高原町,ﾐﾔｻﾞｷｹﾝ,ﾀｶﾊﾙﾁｮｳ,,
453820,九州地方,宮崎県,国富町,ﾐﾔｻﾞｷｹﾝ,ｸﾆﾄﾐﾁｮｳ,,
453838,九州地方,宮崎県,綾町,ﾐﾔｻﾞｷｹﾝ,ｱﾔﾁｮｳ,,
454010,九州地方,宮崎県,高鍋町,ﾐﾔｻﾞｷｹﾝ,ﾀｶﾅﾍﾞﾁｮｳ,,
454028,九州地方,宮崎県,新富町,ﾐﾔｻﾞｷｹﾝ,ｼﾝﾄﾐﾁｮｳ,,
454036,九州地方,宮崎県,西米良村,ﾐﾔｻﾞｷｹﾝ,ﾆｼﾒﾗｿﾝ,,
454044,九州地方,宮崎県,木城町,ﾐﾔｻﾞｷｹﾝ,ｷｼﾞｮｳﾁｮｳ,,
454052,九州地方,宮崎県,川南町,ﾐﾔｻﾞｷｹﾝ,ｶﾜﾐﾅﾐﾁｮｳ,,
454061,九州地方,宮崎県,都農町,ﾐﾔｻﾞｷｹﾝ,ﾂﾉﾁｮｳ,,
454214,九州地方,宮崎県,門川町,ﾐﾔｻﾞｷｹﾝ,ｶﾄﾞｶﾞﾜﾁｮｳ,,
454290,九州地方,宮崎県,諸塚村,ﾐﾔｻﾞｷｹﾝ,ﾓﾛﾂｶｿﾝ,,
454303,九州地方,宮崎県,椎葉村,ﾐﾔｻﾞｷｹﾝ,ｼｲﾊﾞｿﾝ,,
454311,九州地方,宮崎県,美郷町,ﾐﾔｻﾞｷｹﾝ,ﾐｻﾄﾁｮｳ,,
454419,九州地方,宮崎県,高千穂町,ﾐﾔｻﾞｷｹﾝ,ﾀｶﾁﾎﾁｮｳ,,
454427,九州地方,宮崎県,日之影町,ﾐﾔｻﾞｷｹﾝ,ﾋﾉｶｹﾞﾁｮｳ,,
454435,九州地方,宮崎県,五ヶ瀬町,ﾐﾔｻﾞｷｹﾝ,ｺﾞｶｾﾁｮｳ,,
460001,九州地方,鹿児島県,,ｶｺﾞｼﾏｹﾝ,,,
462012,九州地方,鹿児島県,鹿児島市,ｶｺﾞｼﾏｹﾝ,ｶｺﾞｼﾏｼ,,
462039,九州地方,鹿児島県,鹿屋市,ｶｺﾞｼﾏｹﾝ,ｶﾉﾔｼ,,
462047,九州地方,鹿児島県,枕崎市,ｶｺﾞｼﾏｹﾝ,ﾏｸﾗｻﾞｷｼ,,
462063,九州地方,鹿児島県,阿久根市,ｶｺﾞｼﾏｹﾝ,ｱｸﾈｼ,,
462080,九州地方,鹿児島県,出水市,ｶｺﾞｼﾏｹﾝ,ｲｽﾞﾐｼ,,
462101,九州地方,鹿児島県,指宿市,ｶｺﾞｼﾏｹﾝ,ｲﾌﾞｽｷｼ,,
462136,九州地方,鹿児島県,西之表市,ｶｺﾞｼﾏｹﾝ,ﾆｼﾉｵﾓﾃｼ,,
462144,九州地方,鹿児島県,垂水市,ｶｺﾞｼﾏｹﾝ,ﾀﾙﾐｽﾞｼ,,
462152,九州地方,鹿児島県,薩摩川内市,ｶｺﾞｼﾏｹﾝ,ｻﾂﾏｾﾝﾀﾞｲｼ,,
462161,九州地方,鹿児島県,日置市,ｶｺﾞｼﾏｹﾝ,ﾋｵｷｼ,,
462179,九州地方,鹿児島県,曽於市,ｶｺﾞｼﾏｹﾝ,ｿｵｼ,,
462187,九州地方,鹿児島県,霧島市,ｶｺﾞｼﾏｹﾝ,ｷﾘｼﾏｼ,,
462195,九州地方,鹿児島県,いちき串木野市,ｶｺﾞｼﾏｹﾝ,ｲﾁｷｸｼｷﾉｼ,,
462209,九州地方,鹿児島県,南さつま市,ｶｺﾞｼﾏｹﾝ,ﾐﾅﾐｻﾂﾏｼ,,
462217,九州地方,鹿児島県,志布志市,ｶｺﾞｼﾏｹﾝ,ｼﾌﾞｼｼ,,
462225,九州地方,鹿児島県,奄美市,ｶｺﾞｼﾏｹﾝ,ｱﾏﾐｼ,,
462233,九州地方,鹿児島県,南九州市,ｶｺﾞｼﾏｹﾝ,ﾐﾅﾐｷｭｳｼｭｳｼ,,
462241,九州地方,鹿児島県,伊佐市,ｶｺﾞｼﾏｹﾝ,ｲｻｼ,,
462250,九州地方,鹿児島県,姶良市,ｶｺﾞｼﾏｹﾝ,ｱｲﾗｼ,,
463035,九州地方,鹿児島県,三島村,ｶｺﾞｼﾏｹﾝ,ﾐｼﾏﾑﾗ,,
463043,九州地方,鹿児島県,十島村,ｶｺﾞｼﾏｹﾝ,ﾄｼﾏﾑﾗ,,
463922,九州地方,鹿児島県,さつま町,ｶｺﾞｼﾏｹﾝ,ｻﾂﾏﾁｮｳ,,
464040,九州地方,鹿児島県,長島町,ｶｺﾞｼﾏｹﾝ,ﾅｶﾞｼﾏﾁｮｳ,,
464520,九州地方,鹿児島県,湧水町,ｶｺﾞｼﾏｹﾝ,ﾕｳｽｲﾁｮｳ,,
464686,九州地方,鹿児島県,大崎町,ｶｺﾞｼﾏｹﾝ,ｵｵｻｷﾁｮｳ,,
464821,九州地方,鹿児島県,東串良町,ｶｺﾞｼﾏｹﾝ,ﾋｶﾞｼｸｼﾗﾁｮｳ,,
464902,九州地方,鹿児島県,錦江町,ｶｺﾞｼﾏｹﾝ,ｷﾝｺｳﾁｮｳ,,
464911,九州地方,鹿児島県,南大隅町,ｶｺﾞｼﾏｹﾝ,ﾐﾅﾐｵｵｽﾐﾁｮｳ,,
464929,九州地方,鹿児島県,肝付町,ｶｺﾞｼﾏｹﾝ,ｷﾓﾂｷﾁｮｳ,,
465011,九州地方,鹿児島県,中種子町,ｶｺﾞｼﾏｹﾝ,ﾅｶﾀﾈﾁｮｳ,,
465020,九州地方,鹿児島県,南種子町,ｶｺﾞｼﾏｹﾝ,ﾐﾅﾐﾀﾈﾁｮｳ,,
465054,九州地方,鹿児島県,屋久島町,ｶｺﾞｼﾏｹﾝ,ﾔｸｼﾏﾁｮｳ,,
465232,九州地方,鹿児島県,大和村,ｶｺﾞｼﾏｹﾝ,ﾔﾏﾄｿﾝ,,
465241,九州地方,鹿児島県,宇検村,ｶｺﾞｼﾏｹﾝ,ｳｹﾝｿﾝ,,
465259,九州地方,鹿児島県,瀬戸内町,ｶｺﾞｼﾏｹﾝ,ｾﾄｳﾁﾁｮｳ,,
465275,九州地方,鹿児島県,龍郷町,ｶｺﾞｼﾏｹﾝ,ﾀﾂｺﾞｳﾁｮｳ,,
465291,九州地方,鹿児島県,喜界町,ｶｺﾞｼﾏｹﾝ,ｷｶｲﾁｮｳ,,
465305,九州地方,鹿児島県,徳之島町,ｶｺﾞｼﾏｹﾝ,ﾄｸﾉｼﾏﾁｮｳ,,
465313,九州地方,鹿児島県,天城町,ｶｺﾞｼﾏｹﾝ,ｱﾏｷﾞﾁｮｳ,,
465321,九州地方,鹿児島県,伊仙町,ｶｺﾞｼﾏｹﾝ,ｲｾﾝﾁｮｳ,,
465330,九州地方,鹿児島県,和泊町,ｶｺﾞｼﾏｹﾝ,ﾜﾄﾞﾏﾘﾁｮｳ,,
465348,九州地方,鹿児島県,知名町,ｶｺﾞｼﾏｹﾝ,ﾁﾅﾁｮｳ,,
465356,九州地方,鹿児島県,与論町,ｶｺﾞｼﾏｹﾝ,ﾖﾛﾝﾁｮｳ,,
470007,九州地方,沖縄県,,ｵｷﾅﾜｹﾝ,,,
472018,九州地方,沖縄県,那覇市,ｵｷﾅﾜｹﾝ,ﾅﾊｼ,,
472051,九州地方,沖縄県,宜野湾市,ｵｷﾅﾜｹﾝ,ｷﾞﾉﾜﾝｼ,,
472077,九州地方,沖縄県,石垣市,ｵｷﾅﾜｹﾝ,ｲｼｶﾞｷｼ,,
472085,九州地方,沖縄県,浦添市,ｵｷﾅﾜｹﾝ,ｳﾗｿｴｼ,,
472093,九州地方,沖縄県,名護市,ｵｷﾅﾜｹﾝ,ﾅｺﾞｼ,,
472107,九州地方,沖縄県,糸満市,ｵｷﾅﾜｹﾝ,ｲﾄﾏﾝｼ,,
472115,九州地方,沖縄県,沖縄市,ｵｷﾅﾜｹﾝ,ｵｷﾅﾜｼ,,
472123,九州地方,沖縄県,豊見城市,ｵｷﾅﾜｹﾝ,ﾄﾐｸﾞｽｸｼ,,
472131,九州地方,沖縄県,うるま市,ｵｷﾅﾜｹﾝ,ｳﾙﾏｼ,,
472140,九州地方,沖縄県,宮古島市,ｵｷﾅﾜｹﾝ,ﾐﾔｺｼﾞﾏｼ,,
472158,九州地方,沖縄県,南城市,ｵｷﾅﾜｹﾝ,ﾅﾝｼﾞｮｳｼ,,
473014,九州地方,沖縄県,国頭村,ｵｷﾅﾜｹﾝ,ｸﾆｶﾞﾐｿﾝ,,
473022,九州地方,沖縄県,大宜味村,ｵｷﾅﾜｹﾝ,ｵｵｷﾞﾐｿﾝ,,
473031,九州地方,沖縄県,東村,ｵｷﾅﾜｹﾝ,ﾋｶﾞｼｿﾝ,,
473065,九州地方,沖縄県,今帰仁村,ｵｷﾅﾜｹﾝ,ﾅｷｼﾞﾝｿﾝ,,
473081,九州地方,沖縄県,本部町,ｵｷﾅﾜｹﾝ,ﾓﾄﾌﾞﾁｮｳ,,
473111,九州地方,沖縄県,恩納村,ｵｷﾅﾜｹﾝ,ｵﾝﾅｿﾝ,,
473138,九州地方,沖縄県,宜野座村,ｵｷﾅﾜｹﾝ,ｷﾞﾉｻﾞｿﾝ,,
473146,九州地方,沖縄県,金武町,ｵｷﾅﾜｹﾝ,ｷﾝﾁｮｳ,,
473154,九州地方,沖縄県,伊江村,ｵｷﾅﾜｹﾝ,ｲｴｿﾝ,,
473243,九州地方,沖縄県,読谷村,ｵｷﾅﾜｹﾝ,ﾖﾐﾀﾝｿﾝ,,
473251,九州地方,沖縄県,嘉手納町,ｵｷﾅﾜｹﾝ,ｶﾃﾞﾅﾁｮｳ,,
473260,九州地方,沖縄県,北谷町,ｵｷﾅﾜｹﾝ,ﾁﾔﾀﾝﾁｮｳ,,
473278,九州地方,沖縄県,北中城村,ｵｷﾅﾜｹﾝ,ｷﾀﾅｶｸﾞｽｸｿﾝ,,
473286,九州地方,沖縄県,中城村,ｵｷﾅﾜｹﾝ,ﾅｶｸﾞｽｸｿﾝ,,
473294,九州地方,沖縄県,西原町,ｵｷﾅﾜｹﾝ,ﾆｼﾊﾗﾁｮｳ,,
473481,九州地方,沖縄県,与那原町,ｵｷﾅﾜｹﾝ,ﾖﾅﾊﾞﾙﾁｮｳ,,
473502,九州地方,沖縄県,南風原町,ｵｷﾅﾜｹﾝ,ﾊｴﾊﾞﾙﾁｮｳ,,
473537,九州地方,沖縄県,渡嘉敷村,ｵｷﾅﾜｹﾝ,ﾄｶｼｷｿﾝ,,
473545,九州地方,沖縄県,座間味村,ｵｷﾅﾜｹﾝ,ｻﾞﾏﾐｿﾝ,,
473553,九州地方,沖縄県,粟国村,ｵｷﾅﾜｹﾝ,ｱｸﾞﾆｿﾝ,,
473561,九州地方,沖縄県,渡名喜村,ｵｷﾅﾜｹﾝ,ﾄﾅｷｿﾝ,,
473570,九州地方,沖縄県,南大東村,ｵｷﾅﾜｹﾝ,ﾐﾅﾐﾀﾞｲﾄｳｿﾝ,,
473588,九州地方,沖縄県,北大東村,ｵｷﾅﾜｹﾝ,ｷﾀﾀﾞｲﾄｳｿﾝ,,
473596,九州地方,沖縄県,伊平屋村,ｵｷﾅﾜｹﾝ,ｲﾍﾔｿﾝ,,
473600,九州地方,沖縄県,伊是名村,ｵｷﾅﾜｹﾝ,ｲｾﾞﾅｿﾝ,,
473618,九州地方,沖縄県,久米島町,ｵｷﾅﾜｹﾝ,ｸﾒｼﾞﾏﾁｮｳ,,
473626,九州地方,沖縄県,八重瀬町,ｵｷﾅﾜｹﾝ,ﾔｴｾﾁｮｳ,,
473758,九州地方,沖縄県,多良間村,ｵｷﾅﾜｹﾝ,ﾀﾗﾏｿﾝ,,
473812,九州地方,沖縄県,竹富町,ｵｷﾅﾜｹﾝ,ﾀｹﾄﾐﾁｮｳ,,
473821,九州地方,沖縄県,与那国町,ｵｷﾅﾜｹﾝ,ﾖﾅｸﾞﾆﾁｮｳ,,